-- phpMyAdmin SQL Dump
-- version 5.1.1
-- https://www.phpmyadmin.net/
--
-- Host: 127.0.0.1
-- Waktu pembuatan: 11 Feb 2024 pada 15.56
-- Versi server: 10.4.21-MariaDB
-- Versi PHP: 7.4.25

SET SQL_MODE = "NO_AUTO_VALUE_ON_ZERO";
START TRANSACTION;
SET time_zone = "+00:00";


/*!40101 SET @OLD_CHARACTER_SET_CLIENT=@@CHARACTER_SET_CLIENT */;
/*!40101 SET @OLD_CHARACTER_SET_RESULTS=@@CHARACTER_SET_RESULTS */;
/*!40101 SET @OLD_COLLATION_CONNECTION=@@COLLATION_CONNECTION */;
/*!40101 SET NAMES utf8mb4 */;

--
-- Database: `toko_baju`
--

-- --------------------------------------------------------

--
-- Struktur dari tabel `ci_sessions`
--

CREATE TABLE `ci_sessions` (
  `id` varchar(128) NOT NULL,
  `ip_address` varchar(45) NOT NULL,
  `timestamp` int(10) UNSIGNED NOT NULL DEFAULT 0,
  `data` blob NOT NULL
) ENGINE=InnoDB DEFAULT CHARSET=utf8mb4;

--
-- Dumping data untuk tabel `ci_sessions`
--

INSERT INTO `ci_sessions` (`id`, `ip_address`, `timestamp`, `data`) VALUES
('o81p06rc0vn13pdfa9n0mneu08ajdgh8', '::1', 1706070711, 0x5f5f63695f6c6173745f726567656e65726174657c693a313730363037303530393b5f5f4143544956455f53455353494f4e5f444154417c733a3235363a223232323264353865613630626438303465666366373231636662333137306264376539383638373039383132303133633834393830303562663462306333396433393633643933373566613939643439613535646435396361346135386232333730323137336563626439613539303135303062623661346231653562393563766237754e466534425136535266412b6559564a645073776c58746456563462454c477945554769414679774e656b354a6b6373536235735a354d4e6c5a3234726b72515536516c373265686651356c6750446b7171495270416a6948674636336355535a553765654879346876756a376255733073554d30304151494b4368223b),
('j8vs1umuanhenbolsdr29d834m1dm4ld', '127.0.0.1', 1706070691, 0x5f5f63695f6c6173745f726567656e65726174657c693a313730363037303532353b7265646972656374696f6e7c4e3b5f5f4143544956455f53455353494f4e5f444154417c733a3235363a2266626664363463306437613964616466613333373231313364356263393434626436373339383639613338663237323137343633643439663331303130633366353537613361653566343038323337643936663165336436636137313563626333373637313063313135393061333038653964303135393166656362646664336653764e6965683678442f53624a48555a6c70776b334b4c675433356b766736394c6b42515a65367a704c726c45673650622f6673726e43386e41336256715065703531766e4f3074546648464c596d66652b4c52324137324c3153354274566a7a4a4f7148534f516d38632f72714550536b725636427a6a666e3767717379223b),
('5v83p8dtureo5fgn0v2qbnkolm94ml9n', '127.0.0.1', 1706097437, 0x5f5f63695f6c6173745f726567656e65726174657c693a313730363039373433373b5f5f4143544956455f53455353494f4e5f444154417c733a3235363a22393435333232396265633434393363363338643966326665653633383532343334363537353663343831623536613966663939333230613331393236656233636333666537633362613139373631336137623038663964616337393731346135376132623966666437333230656365666630393264653261366164343036393964507436486153536c445639304b52477256306365355539334545745a2f584c727645345654762f752f7a574f30395452774c616c6f4b453248776d4779426555516f4d62496f4a65625a4a577454726f52456265726b66467857576d73365433364c7355574455434d6a7945427936444263686678776f5054424255354347223b),
('g36rearvo0jhsuigj57dunt7hgah4gfl', '127.0.0.1', 1706097788, 0x5f5f63695f6c6173745f726567656e65726174657c693a313730363039373738383b5f5f4143544956455f53455353494f4e5f444154417c733a3235363a22393435333232396265633434393363363338643966326665653633383532343334363537353663343831623536613966663939333230613331393236656233636333666537633362613139373631336137623038663964616337393731346135376132623966666437333230656365666630393264653261366164343036393964507436486153536c445639304b52477256306365355539334545745a2f584c727645345654762f752f7a574f30395452774c616c6f4b453248776d4779426555516f4d62496f4a65625a4a577454726f52456265726b66467857576d73365433364c7355574455434d6a7945427936444263686678776f5054424255354347223b),
('mhe6slfu3f1c7alb59ds1jm1unoukvb3', '127.0.0.1', 1706098877, 0x5f5f63695f6c6173745f726567656e65726174657c693a313730363039383837373b5f5f4143544956455f53455353494f4e5f444154417c733a3235363a22393435333232396265633434393363363338643966326665653633383532343334363537353663343831623536613966663939333230613331393236656233636333666537633362613139373631336137623038663964616337393731346135376132623966666437333230656365666630393264653261366164343036393964507436486153536c445639304b52477256306365355539334545745a2f584c727645345654762f752f7a574f30395452774c616c6f4b453248776d4779426555516f4d62496f4a65625a4a577454726f52456265726b66467857576d73365433364c7355574455434d6a7945427936444263686678776f5054424255354347223b),
('f76h9m3s7sclo52e4mpse615u4qkkt33', '127.0.0.1', 1706099762, 0x5f5f63695f6c6173745f726567656e65726174657c693a313730363039393736323b5f5f4143544956455f53455353494f4e5f444154417c733a3235363a22393435333232396265633434393363363338643966326665653633383532343334363537353663343831623536613966663939333230613331393236656233636333666537633362613139373631336137623038663964616337393731346135376132623966666437333230656365666630393264653261366164343036393964507436486153536c445639304b52477256306365355539334545745a2f584c727645345654762f752f7a574f30395452774c616c6f4b453248776d4779426555516f4d62496f4a65625a4a577454726f52456265726b66467857576d73365433364c7355574455434d6a7945427936444263686678776f5054424255354347223b),
('d6bp15n691539kj0qc5m7s83uibnitr3', '127.0.0.1', 1706100081, 0x5f5f63695f6c6173745f726567656e65726174657c693a313730363130303038313b5f5f4143544956455f53455353494f4e5f444154417c733a3235363a22393435333232396265633434393363363338643966326665653633383532343334363537353663343831623536613966663939333230613331393236656233636333666537633362613139373631336137623038663964616337393731346135376132623966666437333230656365666630393264653261366164343036393964507436486153536c445639304b52477256306365355539334545745a2f584c727645345654762f752f7a574f30395452774c616c6f4b453248776d4779426555516f4d62496f4a65625a4a577454726f52456265726b66467857576d73365433364c7355574455434d6a7945427936444263686678776f5054424255354347223b),
('fq84fvc9vc2eg69qrk8cc57mft7eis6s', '127.0.0.1', 1706100487, 0x5f5f63695f6c6173745f726567656e65726174657c693a313730363130303438373b5f5f4143544956455f53455353494f4e5f444154417c733a3235363a22393435333232396265633434393363363338643966326665653633383532343334363537353663343831623536613966663939333230613331393236656233636333666537633362613139373631336137623038663964616337393731346135376132623966666437333230656365666630393264653261366164343036393964507436486153536c445639304b52477256306365355539334545745a2f584c727645345654762f752f7a574f30395452774c616c6f4b453248776d4779426555516f4d62496f4a65625a4a577454726f52456265726b66467857576d73365433364c7355574455434d6a7945427936444263686678776f5054424255354347223b),
('l12llcm9c5lehofu3tk8nutufbqgursq', '127.0.0.1', 1706100961, 0x5f5f63695f6c6173745f726567656e65726174657c693a313730363130303936313b5f5f4143544956455f53455353494f4e5f444154417c733a3235363a22393435333232396265633434393363363338643966326665653633383532343334363537353663343831623536613966663939333230613331393236656233636333666537633362613139373631336137623038663964616337393731346135376132623966666437333230656365666630393264653261366164343036393964507436486153536c445639304b52477256306365355539334545745a2f584c727645345654762f752f7a574f30395452774c616c6f4b453248776d4779426555516f4d62496f4a65625a4a577454726f52456265726b66467857576d73365433364c7355574455434d6a7945427936444263686678776f5054424255354347223b),
('nsrt2f3r98qf1cmj8f69ikmu1kldsujv', '127.0.0.1', 1706101488, 0x5f5f63695f6c6173745f726567656e65726174657c693a313730363130313438383b5f5f4143544956455f53455353494f4e5f444154417c733a3235363a22393435333232396265633434393363363338643966326665653633383532343334363537353663343831623536613966663939333230613331393236656233636333666537633362613139373631336137623038663964616337393731346135376132623966666437333230656365666630393264653261366164343036393964507436486153536c445639304b52477256306365355539334545745a2f584c727645345654762f752f7a574f30395452774c616c6f4b453248776d4779426555516f4d62496f4a65625a4a577454726f52456265726b66467857576d73365433364c7355574455434d6a7945427936444263686678776f5054424255354347223b),
('fjacqmmjg496thsn6g4mgtt4h20rkuf2', '127.0.0.1', 1706101967, 0x5f5f63695f6c6173745f726567656e65726174657c693a313730363130313936373b5f5f4143544956455f53455353494f4e5f444154417c733a3235363a22393435333232396265633434393363363338643966326665653633383532343334363537353663343831623536613966663939333230613331393236656233636333666537633362613139373631336137623038663964616337393731346135376132623966666437333230656365666630393264653261366164343036393964507436486153536c445639304b52477256306365355539334545745a2f584c727645345654762f752f7a574f30395452774c616c6f4b453248776d4779426555516f4d62496f4a65625a4a577454726f52456265726b66467857576d73365433364c7355574455434d6a7945427936444263686678776f5054424255354347223b),
('grm4nqrts0mbcgsa608d47incft0lpen', '127.0.0.1', 1706102345, 0x5f5f63695f6c6173745f726567656e65726174657c693a313730363130323334353b5f5f4143544956455f53455353494f4e5f444154417c733a3235363a22393435333232396265633434393363363338643966326665653633383532343334363537353663343831623536613966663939333230613331393236656233636333666537633362613139373631336137623038663964616337393731346135376132623966666437333230656365666630393264653261366164343036393964507436486153536c445639304b52477256306365355539334545745a2f584c727645345654762f752f7a574f30395452774c616c6f4b453248776d4779426555516f4d62496f4a65625a4a577454726f52456265726b66467857576d73365433364c7355574455434d6a7945427936444263686678776f5054424255354347223b),
('3e0lffoh49vuiipepk5g85mkii57fq5b', '127.0.0.1', 1706102687, 0x5f5f63695f6c6173745f726567656e65726174657c693a313730363130323638373b5f5f4143544956455f53455353494f4e5f444154417c733a3235363a22393435333232396265633434393363363338643966326665653633383532343334363537353663343831623536613966663939333230613331393236656233636333666537633362613139373631336137623038663964616337393731346135376132623966666437333230656365666630393264653261366164343036393964507436486153536c445639304b52477256306365355539334545745a2f584c727645345654762f752f7a574f30395452774c616c6f4b453248776d4779426555516f4d62496f4a65625a4a577454726f52456265726b66467857576d73365433364c7355574455434d6a7945427936444263686678776f5054424255354347223b),
('7uen6220k6mfg2jb28gte1cso76ttvfo', '127.0.0.1', 1706103379, 0x5f5f63695f6c6173745f726567656e65726174657c693a313730363130333337393b5f5f4143544956455f53455353494f4e5f444154417c733a3235363a22393435333232396265633434393363363338643966326665653633383532343334363537353663343831623536613966663939333230613331393236656233636333666537633362613139373631336137623038663964616337393731346135376132623966666437333230656365666630393264653261366164343036393964507436486153536c445639304b52477256306365355539334545745a2f584c727645345654762f752f7a574f30395452774c616c6f4b453248776d4779426555516f4d62496f4a65625a4a577454726f52456265726b66467857576d73365433364c7355574455434d6a7945427936444263686678776f5054424255354347223b),
('7ggcegdmd80q3pssckbg6gocqg7asj9u', '127.0.0.1', 1706103686, 0x5f5f63695f6c6173745f726567656e65726174657c693a313730363130333638363b5f5f4143544956455f53455353494f4e5f444154417c733a3235363a22393435333232396265633434393363363338643966326665653633383532343334363537353663343831623536613966663939333230613331393236656233636333666537633362613139373631336137623038663964616337393731346135376132623966666437333230656365666630393264653261366164343036393964507436486153536c445639304b52477256306365355539334545745a2f584c727645345654762f752f7a574f30395452774c616c6f4b453248776d4779426555516f4d62496f4a65625a4a577454726f52456265726b66467857576d73365433364c7355574455434d6a7945427936444263686678776f5054424255354347223b),
('ec1ara95d3cpovdpdkqulgfpifcnff12', '127.0.0.1', 1706104016, 0x5f5f63695f6c6173745f726567656e65726174657c693a313730363130343031363b5f5f4143544956455f53455353494f4e5f444154417c733a3235363a22393435333232396265633434393363363338643966326665653633383532343334363537353663343831623536613966663939333230613331393236656233636333666537633362613139373631336137623038663964616337393731346135376132623966666437333230656365666630393264653261366164343036393964507436486153536c445639304b52477256306365355539334545745a2f584c727645345654762f752f7a574f30395452774c616c6f4b453248776d4779426555516f4d62496f4a65625a4a577454726f52456265726b66467857576d73365433364c7355574455434d6a7945427936444263686678776f5054424255354347223b),
('rd08lp8461prmb3ukcs2blegn2tumeps', '127.0.0.1', 1706104409, 0x5f5f63695f6c6173745f726567656e65726174657c693a313730363130343430393b5f5f4143544956455f53455353494f4e5f444154417c733a3235363a22393435333232396265633434393363363338643966326665653633383532343334363537353663343831623536613966663939333230613331393236656233636333666537633362613139373631336137623038663964616337393731346135376132623966666437333230656365666630393264653261366164343036393964507436486153536c445639304b52477256306365355539334545745a2f584c727645345654762f752f7a574f30395452774c616c6f4b453248776d4779426555516f4d62496f4a65625a4a577454726f52456265726b66467857576d73365433364c7355574455434d6a7945427936444263686678776f5054424255354347223b),
('hmitpj5h8fjte6pcu5gbblsaamgcavkn', '127.0.0.1', 1706104713, 0x5f5f63695f6c6173745f726567656e65726174657c693a313730363130343731333b5f5f4143544956455f53455353494f4e5f444154417c733a3235363a22393435333232396265633434393363363338643966326665653633383532343334363537353663343831623536613966663939333230613331393236656233636333666537633362613139373631336137623038663964616337393731346135376132623966666437333230656365666630393264653261366164343036393964507436486153536c445639304b52477256306365355539334545745a2f584c727645345654762f752f7a574f30395452774c616c6f4b453248776d4779426555516f4d62496f4a65625a4a577454726f52456265726b66467857576d73365433364c7355574455434d6a7945427936444263686678776f5054424255354347223b),
('0g5ergiv2pqop8hltl7pdjmdbttuueas', '127.0.0.1', 1706105112, 0x5f5f63695f6c6173745f726567656e65726174657c693a313730363130353131323b5f5f4143544956455f53455353494f4e5f444154417c733a3235363a22393435333232396265633434393363363338643966326665653633383532343334363537353663343831623536613966663939333230613331393236656233636333666537633362613139373631336137623038663964616337393731346135376132623966666437333230656365666630393264653261366164343036393964507436486153536c445639304b52477256306365355539334545745a2f584c727645345654762f752f7a574f30395452774c616c6f4b453248776d4779426555516f4d62496f4a65625a4a577454726f52456265726b66467857576d73365433364c7355574455434d6a7945427936444263686678776f5054424255354347223b),
('30se677n2shauirb0t9mfhfhjk2vvkuu', '127.0.0.1', 1706105441, 0x5f5f63695f6c6173745f726567656e65726174657c693a313730363130353434313b5f5f4143544956455f53455353494f4e5f444154417c733a3235363a22393435333232396265633434393363363338643966326665653633383532343334363537353663343831623536613966663939333230613331393236656233636333666537633362613139373631336137623038663964616337393731346135376132623966666437333230656365666630393264653261366164343036393964507436486153536c445639304b52477256306365355539334545745a2f584c727645345654762f752f7a574f30395452774c616c6f4b453248776d4779426555516f4d62496f4a65625a4a577454726f52456265726b66467857576d73365433364c7355574455434d6a7945427936444263686678776f5054424255354347223b),
('jgov698045s706ij1qv5dn56n7erdskg', '127.0.0.1', 1706107410, 0x5f5f63695f6c6173745f726567656e65726174657c693a313730363130373431303b5f5f4143544956455f53455353494f4e5f444154417c733a3235363a22393435333232396265633434393363363338643966326665653633383532343334363537353663343831623536613966663939333230613331393236656233636333666537633362613139373631336137623038663964616337393731346135376132623966666437333230656365666630393264653261366164343036393964507436486153536c445639304b52477256306365355539334545745a2f584c727645345654762f752f7a574f30395452774c616c6f4b453248776d4779426555516f4d62496f4a65625a4a577454726f52456265726b66467857576d73365433364c7355574455434d6a7945427936444263686678776f5054424255354347223b),
('fgeo3vvjae8lucbvot7p46pbq7efrgae', '127.0.0.1', 1706107778, 0x5f5f63695f6c6173745f726567656e65726174657c693a313730363130373737383b5f5f4143544956455f53455353494f4e5f444154417c733a3235363a22393435333232396265633434393363363338643966326665653633383532343334363537353663343831623536613966663939333230613331393236656233636333666537633362613139373631336137623038663964616337393731346135376132623966666437333230656365666630393264653261366164343036393964507436486153536c445639304b52477256306365355539334545745a2f584c727645345654762f752f7a574f30395452774c616c6f4b453248776d4779426555516f4d62496f4a65625a4a577454726f52456265726b66467857576d73365433364c7355574455434d6a7945427936444263686678776f5054424255354347223b),
('bda8tvs9nolges18f1h5j1jq0gnr6nb8', '127.0.0.1', 1706108096, 0x5f5f63695f6c6173745f726567656e65726174657c693a313730363130383039363b5f5f4143544956455f53455353494f4e5f444154417c733a3235363a22393435333232396265633434393363363338643966326665653633383532343334363537353663343831623536613966663939333230613331393236656233636333666537633362613139373631336137623038663964616337393731346135376132623966666437333230656365666630393264653261366164343036393964507436486153536c445639304b52477256306365355539334545745a2f584c727645345654762f752f7a574f30395452774c616c6f4b453248776d4779426555516f4d62496f4a65625a4a577454726f52456265726b66467857576d73365433364c7355574455434d6a7945427936444263686678776f5054424255354347223b),
('sdbev3dv0t9kbh6ocv0dmvoq1li3fp05', '127.0.0.1', 1706108398, 0x5f5f63695f6c6173745f726567656e65726174657c693a313730363130383339383b5f5f4143544956455f53455353494f4e5f444154417c733a3235363a22393435333232396265633434393363363338643966326665653633383532343334363537353663343831623536613966663939333230613331393236656233636333666537633362613139373631336137623038663964616337393731346135376132623966666437333230656365666630393264653261366164343036393964507436486153536c445639304b52477256306365355539334545745a2f584c727645345654762f752f7a574f30395452774c616c6f4b453248776d4779426555516f4d62496f4a65625a4a577454726f52456265726b66467857576d73365433364c7355574455434d6a7945427936444263686678776f5054424255354347223b),
('j65j4od58g8bh4tcvoiml3uub5jljbcr', '127.0.0.1', 1706108707, 0x5f5f63695f6c6173745f726567656e65726174657c693a313730363130383730373b5f5f4143544956455f53455353494f4e5f444154417c733a3235363a22393435333232396265633434393363363338643966326665653633383532343334363537353663343831623536613966663939333230613331393236656233636333666537633362613139373631336137623038663964616337393731346135376132623966666437333230656365666630393264653261366164343036393964507436486153536c445639304b52477256306365355539334545745a2f584c727645345654762f752f7a574f30395452774c616c6f4b453248776d4779426555516f4d62496f4a65625a4a577454726f52456265726b66467857576d73365433364c7355574455434d6a7945427936444263686678776f5054424255354347223b),
('6aqdgm48mknqd8j3s0sncjn0afbmvitl', '127.0.0.1', 1706109059, 0x5f5f63695f6c6173745f726567656e65726174657c693a313730363130393035393b5f5f4143544956455f53455353494f4e5f444154417c733a3235363a22393435333232396265633434393363363338643966326665653633383532343334363537353663343831623536613966663939333230613331393236656233636333666537633362613139373631336137623038663964616337393731346135376132623966666437333230656365666630393264653261366164343036393964507436486153536c445639304b52477256306365355539334545745a2f584c727645345654762f752f7a574f30395452774c616c6f4b453248776d4779426555516f4d62496f4a65625a4a577454726f52456265726b66467857576d73365433364c7355574455434d6a7945427936444263686678776f5054424255354347223b),
('8r4g1tl1bberbduaqd5io4hgmgrc9lp7', '127.0.0.1', 1706108780, 0x5f5f63695f6c6173745f726567656e65726174657c693a313730363130383738303b),
('0vpvmq5ehh2ms9424j6fe7hi3fj8ce2u', '127.0.0.1', 1706109362, 0x5f5f63695f6c6173745f726567656e65726174657c693a313730363130393336323b5f5f4143544956455f53455353494f4e5f444154417c733a3235363a22393435333232396265633434393363363338643966326665653633383532343334363537353663343831623536613966663939333230613331393236656233636333666537633362613139373631336137623038663964616337393731346135376132623966666437333230656365666630393264653261366164343036393964507436486153536c445639304b52477256306365355539334545745a2f584c727645345654762f752f7a574f30395452774c616c6f4b453248776d4779426555516f4d62496f4a65625a4a577454726f52456265726b66467857576d73365433364c7355574455434d6a7945427936444263686678776f5054424255354347223b),
('h37a1p1lmn3q7khsdtaggr8kt5h79qci', '127.0.0.1', 1706109843, 0x5f5f63695f6c6173745f726567656e65726174657c693a313730363130393834333b5f5f4143544956455f53455353494f4e5f444154417c733a3235363a22393435333232396265633434393363363338643966326665653633383532343334363537353663343831623536613966663939333230613331393236656233636333666537633362613139373631336137623038663964616337393731346135376132623966666437333230656365666630393264653261366164343036393964507436486153536c445639304b52477256306365355539334545745a2f584c727645345654762f752f7a574f30395452774c616c6f4b453248776d4779426555516f4d62496f4a65625a4a577454726f52456265726b66467857576d73365433364c7355574455434d6a7945427936444263686678776f5054424255354347223b636172745f636f6e74656e74737c613a31333a7b733a31303a22636172745f746f74616c223b643a313439373030303b733a31313a22746f74616c5f6974656d73223b643a31333b733a33323a223730656664663265633962303836303739373935633434323633366235356662223b613a363a7b733a323a226964223b733a323a223137223b733a333a22717479223b643a323b733a353a227072696365223b643a3134393030303b733a343a226e616d65223b733a32383a224e6f6b61204f76657273697a6520547368697274202d20437265616d223b733a353a22726f776964223b733a33323a223730656664663265633962303836303739373935633434323633366235356662223b733a383a22737562746f74616c223b643a3239383030303b7d733a33323a223635313262643433643963616136653032633939306230613832363532646361223b613a363a7b733a323a226964223b733a323a223131223b733a333a22717479223b643a323b733a353a227072696365223b643a33393030303b733a343a226e616d65223b733a31333a224e6f6b61204b6579636861696e223b733a353a22726f776964223b733a33323a223635313262643433643963616136653032633939306230613832363532646361223b733a383a22737562746f74616c223b643a37383030303b7d733a33323a226332306164346437366665393737353961613237613063393962666636373130223b613a363a7b733a323a226964223b733a323a223132223b733a333a22717479223b643a313b733a353a227072696365223b643a33393030303b733a343a226e616d65223b733a31323a2241696b6f204b65796368616e223b733a353a22726f776964223b733a33323a226332306164346437366665393737353961613237613063393962666636373130223b733a383a22737562746f74616c223b643a33393030303b7d733a33323a226335316365343130633132346131306530646235653462393766633261663339223b613a363a7b733a323a226964223b733a323a223133223b733a333a22717479223b643a313b733a353a227072696365223b643a33393030303b733a343a226e616d65223b733a31333a22546f6e61204b6579636861696e223b733a353a22726f776964223b733a33323a226335316365343130633132346131306530646235653462393766633261663339223b733a383a22737562746f74616c223b643a33393030303b7d733a33323a226161623332333839323262636332356136663630366562353235666664633536223b613a363a7b733a323a226964223b733a323a223134223b733a333a22717479223b643a313b733a353a227072696365223b643a3134393030303b733a343a226e616d65223b733a34323a224e6f6b61204f76657273697a65205374726970657320547368697274202d204265696765205075746968223b733a353a22726f776964223b733a33323a226161623332333839323262636332356136663630366562353235666664633536223b733a383a22737562746f74616c223b643a3134393030303b7d733a33323a223962663331633766663036323933366139366433633862643166386632666633223b613a363a7b733a323a226964223b733a323a223135223b733a333a22717479223b643a313b733a353a227072696365223b643a3134393030303b733a343a226e616d65223b733a34363a22546f6e61204f76657273697a65205374726970657320547368697274202d20416275204d69737479205075746968223b733a353a22726f776964223b733a33323a223962663331633766663036323933366139366433633862643166386632666633223b733a383a22737562746f74616c223b643a3134393030303b7d733a33323a226337346439376230316561653235376534346161396435626164653937626166223b613a363a7b733a323a226964223b733a323a223136223b733a333a22717479223b643a313b733a353a227072696365223b643a3134393030303b733a343a226e616d65223b733a34373a2241696b6f204f76657273697a65205374726970657320547368697274202d20447573747920526f7365205075746968223b733a353a22726f776964223b733a33323a226337346439376230316561653235376534346161396435626164653937626166223b733a383a22737562746f74616c223b643a3134393030303b7d733a33323a223666343932326634353536383136316138636466346164323239396636643233223b613a363a7b733a323a226964223b733a323a223138223b733a333a22717479223b643a313b733a353a227072696365223b643a3134393030303b733a343a226e616d65223b733a33363a22546f6e61204f76657273697a6520547368697274202d2050616c616469756d20426c7565223b733a353a22726f776964223b733a33323a223666343932326634353536383136316138636466346164323239396636643233223b733a383a22737562746f74616c223b643a3134393030303b7d733a33323a223363353964633034386538383530323433626538303739613563373464303739223b613a363a7b733a323a226964223b733a323a223231223b733a333a22717479223b643a313b733a353a227072696365223b643a3134393030303b733a343a226e616d65223b733a33313a22486172752052696e67657220546565202d205768697465204d757374617264223b733a353a22726f776964223b733a33323a223363353964633034386538383530323433626538303739613563373464303739223b733a383a22737562746f74616c223b643a3134393030303b7d733a33323a223938663133373038323130313934633437353638376265363130366133623834223b613a363a7b733a323a226964223b733a323a223230223b733a333a22717479223b643a313b733a353a227072696365223b643a3134393030303b733a343a226e616d65223b733a33343a22486172752052696e67657220546565202d2057686974652044656e696d20426c7565223b733a353a22726f776964223b733a33323a223938663133373038323130313934633437353638376265363130366133623834223b733a383a22737562746f74616c223b643a3134393030303b7d733a33323a223166306533646164393939303833343566373433396638666661626466666334223b613a363a7b733a323a226964223b733a323a223139223b733a333a22717479223b643a313b733a353a227072696365223b643a3134393030303b733a343a226e616d65223b733a33333a2241696b6f204f76657273697a6520547368697274202d2044757374792050696e6b223b733a353a22726f776964223b733a33323a223166306533646164393939303833343566373433396638666661626466666334223b733a383a22737562746f74616c223b643a3134393030303b7d7d5154595f434152547c613a31313a7b693a303b733a34353a227175616e746974795b37306566646632656339623038363037393739356334343236333662353566625d3c3e32223b693a313b733a34353a227175616e746974795b36353132626434336439636161366530326339393062306138323635326463615d3c3e32223b693a323b733a34353a227175616e746974795b63323061643464373666653937373539616132376130633939626666363731305d3c3e31223b693a333b733a34353a227175616e746974795b63353163653431306331323461313065306462356534623937666332616633395d3c3e31223b693a343b733a34353a227175616e746974795b61616233323338393232626363323561366636303665623532356666646335365d3c3e31223b693a353b733a34353a227175616e746974795b39626633316337666630363239333661393664336338626431663866326666335d3c3e31223b693a363b733a34353a227175616e746974795b63373464393762303165616532353765343461613964356261646539376261665d3c3e31223b693a373b733a34353a227175616e746974795b36663439323266343535363831363161386364663461643232393966366432335d3c3e31223b693a383b733a34353a227175616e746974795b33633539646330343865383835303234336265383037396135633734643037395d3c3e31223b693a393b733a34353a227175616e746974795b39386631333730383231303139346334373536383762653631303661336238345d3c3e31223b693a31303b733a34353a227175616e746974795b31663065336461643939393038333435663734333966386666616264666663345d3c3e31223b7d),
('sluug165fciplthr6g4mqd1f4v4qtf8k', '127.0.0.1', 1706109623, 0x5f5f63695f6c6173745f726567656e65726174657c693a313730363130393632333b),
('pvku16aknvt78ndoq161ecgqrct7eo2e', '127.0.0.1', 1706110196, 0x5f5f63695f6c6173745f726567656e65726174657c693a313730363131303139363b5f5f4143544956455f53455353494f4e5f444154417c733a3235363a22393435333232396265633434393363363338643966326665653633383532343334363537353663343831623536613966663939333230613331393236656233636333666537633362613139373631336137623038663964616337393731346135376132623966666437333230656365666630393264653261366164343036393964507436486153536c445639304b52477256306365355539334545745a2f584c727645345654762f752f7a574f30395452774c616c6f4b453248776d4779426555516f4d62496f4a65625a4a577454726f52456265726b66467857576d73365433364c7355574455434d6a7945427936444263686678776f5054424255354347223b636172745f636f6e74656e74737c613a31333a7b733a31303a22636172745f746f74616c223b643a313439373030303b733a31313a22746f74616c5f6974656d73223b643a31333b733a33323a223730656664663265633962303836303739373935633434323633366235356662223b613a363a7b733a323a226964223b733a323a223137223b733a333a22717479223b643a323b733a353a227072696365223b643a3134393030303b733a343a226e616d65223b733a32383a224e6f6b61204f76657273697a6520547368697274202d20437265616d223b733a353a22726f776964223b733a33323a223730656664663265633962303836303739373935633434323633366235356662223b733a383a22737562746f74616c223b643a3239383030303b7d733a33323a223635313262643433643963616136653032633939306230613832363532646361223b613a363a7b733a323a226964223b733a323a223131223b733a333a22717479223b643a323b733a353a227072696365223b643a33393030303b733a343a226e616d65223b733a31333a224e6f6b61204b6579636861696e223b733a353a22726f776964223b733a33323a223635313262643433643963616136653032633939306230613832363532646361223b733a383a22737562746f74616c223b643a37383030303b7d733a33323a226332306164346437366665393737353961613237613063393962666636373130223b613a363a7b733a323a226964223b733a323a223132223b733a333a22717479223b643a313b733a353a227072696365223b643a33393030303b733a343a226e616d65223b733a31323a2241696b6f204b65796368616e223b733a353a22726f776964223b733a33323a226332306164346437366665393737353961613237613063393962666636373130223b733a383a22737562746f74616c223b643a33393030303b7d733a33323a226335316365343130633132346131306530646235653462393766633261663339223b613a363a7b733a323a226964223b733a323a223133223b733a333a22717479223b643a313b733a353a227072696365223b643a33393030303b733a343a226e616d65223b733a31333a22546f6e61204b6579636861696e223b733a353a22726f776964223b733a33323a226335316365343130633132346131306530646235653462393766633261663339223b733a383a22737562746f74616c223b643a33393030303b7d733a33323a226161623332333839323262636332356136663630366562353235666664633536223b613a363a7b733a323a226964223b733a323a223134223b733a333a22717479223b643a313b733a353a227072696365223b643a3134393030303b733a343a226e616d65223b733a34323a224e6f6b61204f76657273697a65205374726970657320547368697274202d204265696765205075746968223b733a353a22726f776964223b733a33323a226161623332333839323262636332356136663630366562353235666664633536223b733a383a22737562746f74616c223b643a3134393030303b7d733a33323a223962663331633766663036323933366139366433633862643166386632666633223b613a363a7b733a323a226964223b733a323a223135223b733a333a22717479223b643a313b733a353a227072696365223b643a3134393030303b733a343a226e616d65223b733a34363a22546f6e61204f76657273697a65205374726970657320547368697274202d20416275204d69737479205075746968223b733a353a22726f776964223b733a33323a223962663331633766663036323933366139366433633862643166386632666633223b733a383a22737562746f74616c223b643a3134393030303b7d733a33323a226337346439376230316561653235376534346161396435626164653937626166223b613a363a7b733a323a226964223b733a323a223136223b733a333a22717479223b643a313b733a353a227072696365223b643a3134393030303b733a343a226e616d65223b733a34373a2241696b6f204f76657273697a65205374726970657320547368697274202d20447573747920526f7365205075746968223b733a353a22726f776964223b733a33323a226337346439376230316561653235376534346161396435626164653937626166223b733a383a22737562746f74616c223b643a3134393030303b7d733a33323a223666343932326634353536383136316138636466346164323239396636643233223b613a363a7b733a323a226964223b733a323a223138223b733a333a22717479223b643a313b733a353a227072696365223b643a3134393030303b733a343a226e616d65223b733a33363a22546f6e61204f76657273697a6520547368697274202d2050616c616469756d20426c7565223b733a353a22726f776964223b733a33323a223666343932326634353536383136316138636466346164323239396636643233223b733a383a22737562746f74616c223b643a3134393030303b7d733a33323a223363353964633034386538383530323433626538303739613563373464303739223b613a363a7b733a323a226964223b733a323a223231223b733a333a22717479223b643a313b733a353a227072696365223b643a3134393030303b733a343a226e616d65223b733a33313a22486172752052696e67657220546565202d205768697465204d757374617264223b733a353a22726f776964223b733a33323a223363353964633034386538383530323433626538303739613563373464303739223b733a383a22737562746f74616c223b643a3134393030303b7d733a33323a223938663133373038323130313934633437353638376265363130366133623834223b613a363a7b733a323a226964223b733a323a223230223b733a333a22717479223b643a313b733a353a227072696365223b643a3134393030303b733a343a226e616d65223b733a33343a22486172752052696e67657220546565202d2057686974652044656e696d20426c7565223b733a353a22726f776964223b733a33323a223938663133373038323130313934633437353638376265363130366133623834223b733a383a22737562746f74616c223b643a3134393030303b7d733a33323a223166306533646164393939303833343566373433396638666661626466666334223b613a363a7b733a323a226964223b733a323a223139223b733a333a22717479223b643a313b733a353a227072696365223b643a3134393030303b733a343a226e616d65223b733a33333a2241696b6f204f76657273697a6520547368697274202d2044757374792050696e6b223b733a353a22726f776964223b733a33323a223166306533646164393939303833343566373433396638666661626466666334223b733a383a22737562746f74616c223b643a3134393030303b7d7d5154595f434152547c613a31313a7b693a303b733a34353a227175616e746974795b37306566646632656339623038363037393739356334343236333662353566625d3c3e32223b693a313b733a34353a227175616e746974795b36353132626434336439636161366530326339393062306138323635326463615d3c3e32223b693a323b733a34353a227175616e746974795b63323061643464373666653937373539616132376130633939626666363731305d3c3e31223b693a333b733a34353a227175616e746974795b63353163653431306331323461313065306462356534623937666332616633395d3c3e31223b693a343b733a34353a227175616e746974795b61616233323338393232626363323561366636303665623532356666646335365d3c3e31223b693a353b733a34353a227175616e746974795b39626633316337666630363239333661393664336338626431663866326666335d3c3e31223b693a363b733a34353a227175616e746974795b63373464393762303165616532353765343461613964356261646539376261665d3c3e31223b693a373b733a34353a227175616e746974795b36663439323266343535363831363161386364663461643232393966366432335d3c3e31223b693a383b733a34353a227175616e746974795b33633539646330343865383835303234336265383037396135633734643037395d3c3e31223b693a393b733a34353a227175616e746974795b39386631333730383231303139346334373536383762653631303661336238345d3c3e31223b693a31303b733a34353a227175616e746974795b31663065336461643939393038333435663734333966386666616264666663345d3c3e31223b7d),
('4efjos8mmeq8aft58qfrok1kfg26qgjt', '127.0.0.1', 1706110499, 0x5f5f63695f6c6173745f726567656e65726174657c693a313730363131303439393b5f5f4143544956455f53455353494f4e5f444154417c733a3235363a22393435333232396265633434393363363338643966326665653633383532343334363537353663343831623536613966663939333230613331393236656233636333666537633362613139373631336137623038663964616337393731346135376132623966666437333230656365666630393264653261366164343036393964507436486153536c445639304b52477256306365355539334545745a2f584c727645345654762f752f7a574f30395452774c616c6f4b453248776d4779426555516f4d62496f4a65625a4a577454726f52456265726b66467857576d73365433364c7355574455434d6a7945427936444263686678776f5054424255354347223b636172745f636f6e74656e74737c613a31333a7b733a31303a22636172745f746f74616c223b643a313439373030303b733a31313a22746f74616c5f6974656d73223b643a31333b733a33323a223730656664663265633962303836303739373935633434323633366235356662223b613a363a7b733a323a226964223b733a323a223137223b733a333a22717479223b643a323b733a353a227072696365223b643a3134393030303b733a343a226e616d65223b733a32383a224e6f6b61204f76657273697a6520547368697274202d20437265616d223b733a353a22726f776964223b733a33323a223730656664663265633962303836303739373935633434323633366235356662223b733a383a22737562746f74616c223b643a3239383030303b7d733a33323a223635313262643433643963616136653032633939306230613832363532646361223b613a363a7b733a323a226964223b733a323a223131223b733a333a22717479223b643a323b733a353a227072696365223b643a33393030303b733a343a226e616d65223b733a31333a224e6f6b61204b6579636861696e223b733a353a22726f776964223b733a33323a223635313262643433643963616136653032633939306230613832363532646361223b733a383a22737562746f74616c223b643a37383030303b7d733a33323a226332306164346437366665393737353961613237613063393962666636373130223b613a363a7b733a323a226964223b733a323a223132223b733a333a22717479223b643a313b733a353a227072696365223b643a33393030303b733a343a226e616d65223b733a31323a2241696b6f204b65796368616e223b733a353a22726f776964223b733a33323a226332306164346437366665393737353961613237613063393962666636373130223b733a383a22737562746f74616c223b643a33393030303b7d733a33323a226335316365343130633132346131306530646235653462393766633261663339223b613a363a7b733a323a226964223b733a323a223133223b733a333a22717479223b643a313b733a353a227072696365223b643a33393030303b733a343a226e616d65223b733a31333a22546f6e61204b6579636861696e223b733a353a22726f776964223b733a33323a226335316365343130633132346131306530646235653462393766633261663339223b733a383a22737562746f74616c223b643a33393030303b7d733a33323a226161623332333839323262636332356136663630366562353235666664633536223b613a363a7b733a323a226964223b733a323a223134223b733a333a22717479223b643a313b733a353a227072696365223b643a3134393030303b733a343a226e616d65223b733a34323a224e6f6b61204f76657273697a65205374726970657320547368697274202d204265696765205075746968223b733a353a22726f776964223b733a33323a226161623332333839323262636332356136663630366562353235666664633536223b733a383a22737562746f74616c223b643a3134393030303b7d733a33323a223962663331633766663036323933366139366433633862643166386632666633223b613a363a7b733a323a226964223b733a323a223135223b733a333a22717479223b643a313b733a353a227072696365223b643a3134393030303b733a343a226e616d65223b733a34363a22546f6e61204f76657273697a65205374726970657320547368697274202d20416275204d69737479205075746968223b733a353a22726f776964223b733a33323a223962663331633766663036323933366139366433633862643166386632666633223b733a383a22737562746f74616c223b643a3134393030303b7d733a33323a226337346439376230316561653235376534346161396435626164653937626166223b613a363a7b733a323a226964223b733a323a223136223b733a333a22717479223b643a313b733a353a227072696365223b643a3134393030303b733a343a226e616d65223b733a34373a2241696b6f204f76657273697a65205374726970657320547368697274202d20447573747920526f7365205075746968223b733a353a22726f776964223b733a33323a226337346439376230316561653235376534346161396435626164653937626166223b733a383a22737562746f74616c223b643a3134393030303b7d733a33323a223666343932326634353536383136316138636466346164323239396636643233223b613a363a7b733a323a226964223b733a323a223138223b733a333a22717479223b643a313b733a353a227072696365223b643a3134393030303b733a343a226e616d65223b733a33363a22546f6e61204f76657273697a6520547368697274202d2050616c616469756d20426c7565223b733a353a22726f776964223b733a33323a223666343932326634353536383136316138636466346164323239396636643233223b733a383a22737562746f74616c223b643a3134393030303b7d733a33323a223363353964633034386538383530323433626538303739613563373464303739223b613a363a7b733a323a226964223b733a323a223231223b733a333a22717479223b643a313b733a353a227072696365223b643a3134393030303b733a343a226e616d65223b733a33313a22486172752052696e67657220546565202d205768697465204d757374617264223b733a353a22726f776964223b733a33323a223363353964633034386538383530323433626538303739613563373464303739223b733a383a22737562746f74616c223b643a3134393030303b7d733a33323a223938663133373038323130313934633437353638376265363130366133623834223b613a363a7b733a323a226964223b733a323a223230223b733a333a22717479223b643a313b733a353a227072696365223b643a3134393030303b733a343a226e616d65223b733a33343a22486172752052696e67657220546565202d2057686974652044656e696d20426c7565223b733a353a22726f776964223b733a33323a223938663133373038323130313934633437353638376265363130366133623834223b733a383a22737562746f74616c223b643a3134393030303b7d733a33323a223166306533646164393939303833343566373433396638666661626466666334223b613a363a7b733a323a226964223b733a323a223139223b733a333a22717479223b643a313b733a353a227072696365223b643a3134393030303b733a343a226e616d65223b733a33333a2241696b6f204f76657273697a6520547368697274202d2044757374792050696e6b223b733a353a22726f776964223b733a33323a223166306533646164393939303833343566373433396638666661626466666334223b733a383a22737562746f74616c223b643a3134393030303b7d7d5154595f434152547c613a31313a7b693a303b733a34353a227175616e746974795b37306566646632656339623038363037393739356334343236333662353566625d3c3e32223b693a313b733a34353a227175616e746974795b36353132626434336439636161366530326339393062306138323635326463615d3c3e32223b693a323b733a34353a227175616e746974795b63323061643464373666653937373539616132376130633939626666363731305d3c3e31223b693a333b733a34353a227175616e746974795b63353163653431306331323461313065306462356534623937666332616633395d3c3e31223b693a343b733a34353a227175616e746974795b61616233323338393232626363323561366636303665623532356666646335365d3c3e31223b693a353b733a34353a227175616e746974795b39626633316337666630363239333661393664336338626431663866326666335d3c3e31223b693a363b733a34353a227175616e746974795b63373464393762303165616532353765343461613964356261646539376261665d3c3e31223b693a373b733a34353a227175616e746974795b36663439323266343535363831363161386364663461643232393966366432335d3c3e31223b693a383b733a34353a227175616e746974795b33633539646330343865383835303234336265383037396135633734643037395d3c3e31223b693a393b733a34353a227175616e746974795b39386631333730383231303139346334373536383762653631303661336238345d3c3e31223b693a31303b733a34353a227175616e746974795b31663065336461643939393038333435663734333966386666616264666663345d3c3e31223b7d),
('dfu8jr8skrv8s37m6kf3qvn58iqr4hli', '127.0.0.1', 1706110805, 0x5f5f63695f6c6173745f726567656e65726174657c693a313730363131303830353b5f5f4143544956455f53455353494f4e5f444154417c733a3235363a22393435333232396265633434393363363338643966326665653633383532343334363537353663343831623536613966663939333230613331393236656233636333666537633362613139373631336137623038663964616337393731346135376132623966666437333230656365666630393264653261366164343036393964507436486153536c445639304b52477256306365355539334545745a2f584c727645345654762f752f7a574f30395452774c616c6f4b453248776d4779426555516f4d62496f4a65625a4a577454726f52456265726b66467857576d73365433364c7355574455434d6a7945427936444263686678776f5054424255354347223b636172745f636f6e74656e74737c613a31333a7b733a31303a22636172745f746f74616c223b643a313439373030303b733a31313a22746f74616c5f6974656d73223b643a31333b733a33323a223730656664663265633962303836303739373935633434323633366235356662223b613a363a7b733a323a226964223b733a323a223137223b733a333a22717479223b643a323b733a353a227072696365223b643a3134393030303b733a343a226e616d65223b733a32383a224e6f6b61204f76657273697a6520547368697274202d20437265616d223b733a353a22726f776964223b733a33323a223730656664663265633962303836303739373935633434323633366235356662223b733a383a22737562746f74616c223b643a3239383030303b7d733a33323a223635313262643433643963616136653032633939306230613832363532646361223b613a363a7b733a323a226964223b733a323a223131223b733a333a22717479223b643a323b733a353a227072696365223b643a33393030303b733a343a226e616d65223b733a31333a224e6f6b61204b6579636861696e223b733a353a22726f776964223b733a33323a223635313262643433643963616136653032633939306230613832363532646361223b733a383a22737562746f74616c223b643a37383030303b7d733a33323a226332306164346437366665393737353961613237613063393962666636373130223b613a363a7b733a323a226964223b733a323a223132223b733a333a22717479223b643a313b733a353a227072696365223b643a33393030303b733a343a226e616d65223b733a31323a2241696b6f204b65796368616e223b733a353a22726f776964223b733a33323a226332306164346437366665393737353961613237613063393962666636373130223b733a383a22737562746f74616c223b643a33393030303b7d733a33323a226335316365343130633132346131306530646235653462393766633261663339223b613a363a7b733a323a226964223b733a323a223133223b733a333a22717479223b643a313b733a353a227072696365223b643a33393030303b733a343a226e616d65223b733a31333a22546f6e61204b6579636861696e223b733a353a22726f776964223b733a33323a226335316365343130633132346131306530646235653462393766633261663339223b733a383a22737562746f74616c223b643a33393030303b7d733a33323a226161623332333839323262636332356136663630366562353235666664633536223b613a363a7b733a323a226964223b733a323a223134223b733a333a22717479223b643a313b733a353a227072696365223b643a3134393030303b733a343a226e616d65223b733a34323a224e6f6b61204f76657273697a65205374726970657320547368697274202d204265696765205075746968223b733a353a22726f776964223b733a33323a226161623332333839323262636332356136663630366562353235666664633536223b733a383a22737562746f74616c223b643a3134393030303b7d733a33323a223962663331633766663036323933366139366433633862643166386632666633223b613a363a7b733a323a226964223b733a323a223135223b733a333a22717479223b643a313b733a353a227072696365223b643a3134393030303b733a343a226e616d65223b733a34363a22546f6e61204f76657273697a65205374726970657320547368697274202d20416275204d69737479205075746968223b733a353a22726f776964223b733a33323a223962663331633766663036323933366139366433633862643166386632666633223b733a383a22737562746f74616c223b643a3134393030303b7d733a33323a226337346439376230316561653235376534346161396435626164653937626166223b613a363a7b733a323a226964223b733a323a223136223b733a333a22717479223b643a313b733a353a227072696365223b643a3134393030303b733a343a226e616d65223b733a34373a2241696b6f204f76657273697a65205374726970657320547368697274202d20447573747920526f7365205075746968223b733a353a22726f776964223b733a33323a226337346439376230316561653235376534346161396435626164653937626166223b733a383a22737562746f74616c223b643a3134393030303b7d733a33323a223666343932326634353536383136316138636466346164323239396636643233223b613a363a7b733a323a226964223b733a323a223138223b733a333a22717479223b643a313b733a353a227072696365223b643a3134393030303b733a343a226e616d65223b733a33363a22546f6e61204f76657273697a6520547368697274202d2050616c616469756d20426c7565223b733a353a22726f776964223b733a33323a223666343932326634353536383136316138636466346164323239396636643233223b733a383a22737562746f74616c223b643a3134393030303b7d733a33323a223363353964633034386538383530323433626538303739613563373464303739223b613a363a7b733a323a226964223b733a323a223231223b733a333a22717479223b643a313b733a353a227072696365223b643a3134393030303b733a343a226e616d65223b733a33313a22486172752052696e67657220546565202d205768697465204d757374617264223b733a353a22726f776964223b733a33323a223363353964633034386538383530323433626538303739613563373464303739223b733a383a22737562746f74616c223b643a3134393030303b7d733a33323a223938663133373038323130313934633437353638376265363130366133623834223b613a363a7b733a323a226964223b733a323a223230223b733a333a22717479223b643a313b733a353a227072696365223b643a3134393030303b733a343a226e616d65223b733a33343a22486172752052696e67657220546565202d2057686974652044656e696d20426c7565223b733a353a22726f776964223b733a33323a223938663133373038323130313934633437353638376265363130366133623834223b733a383a22737562746f74616c223b643a3134393030303b7d733a33323a223166306533646164393939303833343566373433396638666661626466666334223b613a363a7b733a323a226964223b733a323a223139223b733a333a22717479223b643a313b733a353a227072696365223b643a3134393030303b733a343a226e616d65223b733a33333a2241696b6f204f76657273697a6520547368697274202d2044757374792050696e6b223b733a353a22726f776964223b733a33323a223166306533646164393939303833343566373433396638666661626466666334223b733a383a22737562746f74616c223b643a3134393030303b7d7d5154595f434152547c613a31313a7b693a303b733a34353a227175616e746974795b37306566646632656339623038363037393739356334343236333662353566625d3c3e32223b693a313b733a34353a227175616e746974795b36353132626434336439636161366530326339393062306138323635326463615d3c3e32223b693a323b733a34353a227175616e746974795b63323061643464373666653937373539616132376130633939626666363731305d3c3e31223b693a333b733a34353a227175616e746974795b63353163653431306331323461313065306462356534623937666332616633395d3c3e31223b693a343b733a34353a227175616e746974795b61616233323338393232626363323561366636303665623532356666646335365d3c3e31223b693a353b733a34353a227175616e746974795b39626633316337666630363239333661393664336338626431663866326666335d3c3e31223b693a363b733a34353a227175616e746974795b63373464393762303165616532353765343461613964356261646539376261665d3c3e31223b693a373b733a34353a227175616e746974795b36663439323266343535363831363161386364663461643232393966366432335d3c3e31223b693a383b733a34353a227175616e746974795b33633539646330343865383835303234336265383037396135633734643037395d3c3e31223b693a393b733a34353a227175616e746974795b39386631333730383231303139346334373536383762653631303661336238345d3c3e31223b693a31303b733a34353a227175616e746974795b31663065336461643939393038333435663734333966386666616264666663345d3c3e31223b7d);
INSERT INTO `ci_sessions` (`id`, `ip_address`, `timestamp`, `data`) VALUES
('ciprb8qsg1nem1lgjg41make52mtqf4t', '127.0.0.1', 1706111111, 0x5f5f63695f6c6173745f726567656e65726174657c693a313730363131313131313b5f5f4143544956455f53455353494f4e5f444154417c733a3235363a22393435333232396265633434393363363338643966326665653633383532343334363537353663343831623536613966663939333230613331393236656233636333666537633362613139373631336137623038663964616337393731346135376132623966666437333230656365666630393264653261366164343036393964507436486153536c445639304b52477256306365355539334545745a2f584c727645345654762f752f7a574f30395452774c616c6f4b453248776d4779426555516f4d62496f4a65625a4a577454726f52456265726b66467857576d73365433364c7355574455434d6a7945427936444263686678776f5054424255354347223b636172745f636f6e74656e74737c613a31333a7b733a31303a22636172745f746f74616c223b643a313439373030303b733a31313a22746f74616c5f6974656d73223b643a31333b733a33323a223730656664663265633962303836303739373935633434323633366235356662223b613a363a7b733a323a226964223b733a323a223137223b733a333a22717479223b643a323b733a353a227072696365223b643a3134393030303b733a343a226e616d65223b733a32383a224e6f6b61204f76657273697a6520547368697274202d20437265616d223b733a353a22726f776964223b733a33323a223730656664663265633962303836303739373935633434323633366235356662223b733a383a22737562746f74616c223b643a3239383030303b7d733a33323a223635313262643433643963616136653032633939306230613832363532646361223b613a363a7b733a323a226964223b733a323a223131223b733a333a22717479223b643a323b733a353a227072696365223b643a33393030303b733a343a226e616d65223b733a31333a224e6f6b61204b6579636861696e223b733a353a22726f776964223b733a33323a223635313262643433643963616136653032633939306230613832363532646361223b733a383a22737562746f74616c223b643a37383030303b7d733a33323a226332306164346437366665393737353961613237613063393962666636373130223b613a363a7b733a323a226964223b733a323a223132223b733a333a22717479223b643a313b733a353a227072696365223b643a33393030303b733a343a226e616d65223b733a31323a2241696b6f204b65796368616e223b733a353a22726f776964223b733a33323a226332306164346437366665393737353961613237613063393962666636373130223b733a383a22737562746f74616c223b643a33393030303b7d733a33323a226335316365343130633132346131306530646235653462393766633261663339223b613a363a7b733a323a226964223b733a323a223133223b733a333a22717479223b643a313b733a353a227072696365223b643a33393030303b733a343a226e616d65223b733a31333a22546f6e61204b6579636861696e223b733a353a22726f776964223b733a33323a226335316365343130633132346131306530646235653462393766633261663339223b733a383a22737562746f74616c223b643a33393030303b7d733a33323a226161623332333839323262636332356136663630366562353235666664633536223b613a363a7b733a323a226964223b733a323a223134223b733a333a22717479223b643a313b733a353a227072696365223b643a3134393030303b733a343a226e616d65223b733a34323a224e6f6b61204f76657273697a65205374726970657320547368697274202d204265696765205075746968223b733a353a22726f776964223b733a33323a226161623332333839323262636332356136663630366562353235666664633536223b733a383a22737562746f74616c223b643a3134393030303b7d733a33323a223962663331633766663036323933366139366433633862643166386632666633223b613a363a7b733a323a226964223b733a323a223135223b733a333a22717479223b643a313b733a353a227072696365223b643a3134393030303b733a343a226e616d65223b733a34363a22546f6e61204f76657273697a65205374726970657320547368697274202d20416275204d69737479205075746968223b733a353a22726f776964223b733a33323a223962663331633766663036323933366139366433633862643166386632666633223b733a383a22737562746f74616c223b643a3134393030303b7d733a33323a226337346439376230316561653235376534346161396435626164653937626166223b613a363a7b733a323a226964223b733a323a223136223b733a333a22717479223b643a313b733a353a227072696365223b643a3134393030303b733a343a226e616d65223b733a34373a2241696b6f204f76657273697a65205374726970657320547368697274202d20447573747920526f7365205075746968223b733a353a22726f776964223b733a33323a226337346439376230316561653235376534346161396435626164653937626166223b733a383a22737562746f74616c223b643a3134393030303b7d733a33323a223666343932326634353536383136316138636466346164323239396636643233223b613a363a7b733a323a226964223b733a323a223138223b733a333a22717479223b643a313b733a353a227072696365223b643a3134393030303b733a343a226e616d65223b733a33363a22546f6e61204f76657273697a6520547368697274202d2050616c616469756d20426c7565223b733a353a22726f776964223b733a33323a223666343932326634353536383136316138636466346164323239396636643233223b733a383a22737562746f74616c223b643a3134393030303b7d733a33323a223363353964633034386538383530323433626538303739613563373464303739223b613a363a7b733a323a226964223b733a323a223231223b733a333a22717479223b643a313b733a353a227072696365223b643a3134393030303b733a343a226e616d65223b733a33313a22486172752052696e67657220546565202d205768697465204d757374617264223b733a353a22726f776964223b733a33323a223363353964633034386538383530323433626538303739613563373464303739223b733a383a22737562746f74616c223b643a3134393030303b7d733a33323a223938663133373038323130313934633437353638376265363130366133623834223b613a363a7b733a323a226964223b733a323a223230223b733a333a22717479223b643a313b733a353a227072696365223b643a3134393030303b733a343a226e616d65223b733a33343a22486172752052696e67657220546565202d2057686974652044656e696d20426c7565223b733a353a22726f776964223b733a33323a223938663133373038323130313934633437353638376265363130366133623834223b733a383a22737562746f74616c223b643a3134393030303b7d733a33323a223166306533646164393939303833343566373433396638666661626466666334223b613a363a7b733a323a226964223b733a323a223139223b733a333a22717479223b643a313b733a353a227072696365223b643a3134393030303b733a343a226e616d65223b733a33333a2241696b6f204f76657273697a6520547368697274202d2044757374792050696e6b223b733a353a22726f776964223b733a33323a223166306533646164393939303833343566373433396638666661626466666334223b733a383a22737562746f74616c223b643a3134393030303b7d7d5154595f434152547c613a31313a7b693a303b733a34353a227175616e746974795b37306566646632656339623038363037393739356334343236333662353566625d3c3e32223b693a313b733a34353a227175616e746974795b36353132626434336439636161366530326339393062306138323635326463615d3c3e32223b693a323b733a34353a227175616e746974795b63323061643464373666653937373539616132376130633939626666363731305d3c3e31223b693a333b733a34353a227175616e746974795b63353163653431306331323461313065306462356534623937666332616633395d3c3e31223b693a343b733a34353a227175616e746974795b61616233323338393232626363323561366636303665623532356666646335365d3c3e31223b693a353b733a34353a227175616e746974795b39626633316337666630363239333661393664336338626431663866326666335d3c3e31223b693a363b733a34353a227175616e746974795b63373464393762303165616532353765343461613964356261646539376261665d3c3e31223b693a373b733a34353a227175616e746974795b36663439323266343535363831363161386364663461643232393966366432335d3c3e31223b693a383b733a34353a227175616e746974795b33633539646330343865383835303234336265383037396135633734643037395d3c3e31223b693a393b733a34353a227175616e746974795b39386631333730383231303139346334373536383762653631303661336238345d3c3e31223b693a31303b733a34353a227175616e746974795b31663065336461643939393038333435663734333966386666616264666663345d3c3e31223b7d),
('o0icecoohaam0s2sq06imiu95c132410', '127.0.0.1', 1706111423, 0x5f5f63695f6c6173745f726567656e65726174657c693a313730363131313432333b5f5f4143544956455f53455353494f4e5f444154417c733a3235363a22393435333232396265633434393363363338643966326665653633383532343334363537353663343831623536613966663939333230613331393236656233636333666537633362613139373631336137623038663964616337393731346135376132623966666437333230656365666630393264653261366164343036393964507436486153536c445639304b52477256306365355539334545745a2f584c727645345654762f752f7a574f30395452774c616c6f4b453248776d4779426555516f4d62496f4a65625a4a577454726f52456265726b66467857576d73365433364c7355574455434d6a7945427936444263686678776f5054424255354347223b636172745f636f6e74656e74737c613a383a7b733a31303a22636172745f746f74616c223b643a3937323030303b733a31313a22746f74616c5f6974656d73223b643a383b733a33323a223730656664663265633962303836303739373935633434323633366235356662223b613a363a7b733a323a226964223b733a323a223137223b733a333a22717479223b643a323b733a353a227072696365223b643a3134393030303b733a343a226e616d65223b733a32383a224e6f6b61204f76657273697a6520547368697274202d20437265616d223b733a353a22726f776964223b733a33323a223730656664663265633962303836303739373935633434323633366235356662223b733a383a22737562746f74616c223b643a3239383030303b7d733a33323a223635313262643433643963616136653032633939306230613832363532646361223b613a363a7b733a323a226964223b733a323a223131223b733a333a22717479223b643a323b733a353a227072696365223b643a33393030303b733a343a226e616d65223b733a31333a224e6f6b61204b6579636861696e223b733a353a22726f776964223b733a33323a223635313262643433643963616136653032633939306230613832363532646361223b733a383a22737562746f74616c223b643a37383030303b7d733a33323a223962663331633766663036323933366139366433633862643166386632666633223b613a363a7b733a323a226964223b733a323a223135223b733a333a22717479223b643a313b733a353a227072696365223b643a3134393030303b733a343a226e616d65223b733a34363a22546f6e61204f76657273697a65205374726970657320547368697274202d20416275204d69737479205075746968223b733a353a22726f776964223b733a33323a223962663331633766663036323933366139366433633862643166386632666633223b733a383a22737562746f74616c223b643a3134393030303b7d733a33323a226337346439376230316561653235376534346161396435626164653937626166223b613a363a7b733a323a226964223b733a323a223136223b733a333a22717479223b643a313b733a353a227072696365223b643a3134393030303b733a343a226e616d65223b733a34373a2241696b6f204f76657273697a65205374726970657320547368697274202d20447573747920526f7365205075746968223b733a353a22726f776964223b733a33323a226337346439376230316561653235376534346161396435626164653937626166223b733a383a22737562746f74616c223b643a3134393030303b7d733a33323a223666343932326634353536383136316138636466346164323239396636643233223b613a363a7b733a323a226964223b733a323a223138223b733a333a22717479223b643a313b733a353a227072696365223b643a3134393030303b733a343a226e616d65223b733a33363a22546f6e61204f76657273697a6520547368697274202d2050616c616469756d20426c7565223b733a353a22726f776964223b733a33323a223666343932326634353536383136316138636466346164323239396636643233223b733a383a22737562746f74616c223b643a3134393030303b7d733a33323a223363353964633034386538383530323433626538303739613563373464303739223b613a363a7b733a323a226964223b733a323a223231223b733a333a22717479223b643a313b733a353a227072696365223b643a3134393030303b733a343a226e616d65223b733a33313a22486172752052696e67657220546565202d205768697465204d757374617264223b733a353a22726f776964223b733a33323a223363353964633034386538383530323433626538303739613563373464303739223b733a383a22737562746f74616c223b643a3134393030303b7d7d5154595f434152547c613a31313a7b693a303b733a34353a227175616e746974795b37306566646632656339623038363037393739356334343236333662353566625d3c3e32223b693a313b733a34353a227175616e746974795b36353132626434336439636161366530326339393062306138323635326463615d3c3e32223b693a323b733a34353a227175616e746974795b63323061643464373666653937373539616132376130633939626666363731305d3c3e31223b693a333b733a34353a227175616e746974795b63353163653431306331323461313065306462356534623937666332616633395d3c3e31223b693a343b733a34353a227175616e746974795b61616233323338393232626363323561366636303665623532356666646335365d3c3e31223b693a353b733a34353a227175616e746974795b39626633316337666630363239333661393664336338626431663866326666335d3c3e31223b693a363b733a34353a227175616e746974795b63373464393762303165616532353765343461613964356261646539376261665d3c3e31223b693a373b733a34353a227175616e746974795b36663439323266343535363831363161386364663461643232393966366432335d3c3e31223b693a383b733a34353a227175616e746974795b33633539646330343865383835303234336265383037396135633734643037395d3c3e31223b693a393b733a34353a227175616e746974795b39386631333730383231303139346334373536383762653631303661336238345d3c3e31223b693a31303b733a34353a227175616e746974795b31663065336461643939393038333435663734333966386666616264666663345d3c3e31223b7d),
('ju0irsdoc39qqrej3q4lauputg6vde7t', '127.0.0.1', 1706111750, 0x5f5f63695f6c6173745f726567656e65726174657c693a313730363131313735303b5f5f4143544956455f53455353494f4e5f444154417c733a3235363a22393435333232396265633434393363363338643966326665653633383532343334363537353663343831623536613966663939333230613331393236656233636333666537633362613139373631336137623038663964616337393731346135376132623966666437333230656365666630393264653261366164343036393964507436486153536c445639304b52477256306365355539334545745a2f584c727645345654762f752f7a574f30395452774c616c6f4b453248776d4779426555516f4d62496f4a65625a4a577454726f52456265726b66467857576d73365433364c7355574455434d6a7945427936444263686678776f5054424255354347223b636172745f636f6e74656e74737c613a383a7b733a31303a22636172745f746f74616c223b643a3937323030303b733a31313a22746f74616c5f6974656d73223b643a383b733a33323a223730656664663265633962303836303739373935633434323633366235356662223b613a363a7b733a323a226964223b733a323a223137223b733a333a22717479223b643a323b733a353a227072696365223b643a3134393030303b733a343a226e616d65223b733a32383a224e6f6b61204f76657273697a6520547368697274202d20437265616d223b733a353a22726f776964223b733a33323a223730656664663265633962303836303739373935633434323633366235356662223b733a383a22737562746f74616c223b643a3239383030303b7d733a33323a223635313262643433643963616136653032633939306230613832363532646361223b613a363a7b733a323a226964223b733a323a223131223b733a333a22717479223b643a323b733a353a227072696365223b643a33393030303b733a343a226e616d65223b733a31333a224e6f6b61204b6579636861696e223b733a353a22726f776964223b733a33323a223635313262643433643963616136653032633939306230613832363532646361223b733a383a22737562746f74616c223b643a37383030303b7d733a33323a223962663331633766663036323933366139366433633862643166386632666633223b613a363a7b733a323a226964223b733a323a223135223b733a333a22717479223b643a313b733a353a227072696365223b643a3134393030303b733a343a226e616d65223b733a34363a22546f6e61204f76657273697a65205374726970657320547368697274202d20416275204d69737479205075746968223b733a353a22726f776964223b733a33323a223962663331633766663036323933366139366433633862643166386632666633223b733a383a22737562746f74616c223b643a3134393030303b7d733a33323a226337346439376230316561653235376534346161396435626164653937626166223b613a363a7b733a323a226964223b733a323a223136223b733a333a22717479223b643a313b733a353a227072696365223b643a3134393030303b733a343a226e616d65223b733a34373a2241696b6f204f76657273697a65205374726970657320547368697274202d20447573747920526f7365205075746968223b733a353a22726f776964223b733a33323a226337346439376230316561653235376534346161396435626164653937626166223b733a383a22737562746f74616c223b643a3134393030303b7d733a33323a223666343932326634353536383136316138636466346164323239396636643233223b613a363a7b733a323a226964223b733a323a223138223b733a333a22717479223b643a313b733a353a227072696365223b643a3134393030303b733a343a226e616d65223b733a33363a22546f6e61204f76657273697a6520547368697274202d2050616c616469756d20426c7565223b733a353a22726f776964223b733a33323a223666343932326634353536383136316138636466346164323239396636643233223b733a383a22737562746f74616c223b643a3134393030303b7d733a33323a223363353964633034386538383530323433626538303739613563373464303739223b613a363a7b733a323a226964223b733a323a223231223b733a333a22717479223b643a313b733a353a227072696365223b643a3134393030303b733a343a226e616d65223b733a33313a22486172752052696e67657220546565202d205768697465204d757374617264223b733a353a22726f776964223b733a33323a223363353964633034386538383530323433626538303739613563373464303739223b733a383a22737562746f74616c223b643a3134393030303b7d7d5154595f434152547c613a31313a7b693a303b733a34353a227175616e746974795b37306566646632656339623038363037393739356334343236333662353566625d3c3e32223b693a313b733a34353a227175616e746974795b36353132626434336439636161366530326339393062306138323635326463615d3c3e32223b693a323b733a34353a227175616e746974795b63323061643464373666653937373539616132376130633939626666363731305d3c3e31223b693a333b733a34353a227175616e746974795b63353163653431306331323461313065306462356534623937666332616633395d3c3e31223b693a343b733a34353a227175616e746974795b61616233323338393232626363323561366636303665623532356666646335365d3c3e31223b693a353b733a34353a227175616e746974795b39626633316337666630363239333661393664336338626431663866326666335d3c3e31223b693a363b733a34353a227175616e746974795b63373464393762303165616532353765343461613964356261646539376261665d3c3e31223b693a373b733a34353a227175616e746974795b36663439323266343535363831363161386364663461643232393966366432335d3c3e31223b693a383b733a34353a227175616e746974795b33633539646330343865383835303234336265383037396135633734643037395d3c3e31223b693a393b733a34353a227175616e746974795b39386631333730383231303139346334373536383762653631303661336238345d3c3e31223b693a31303b733a34353a227175616e746974795b31663065336461643939393038333435663734333966386666616264666663345d3c3e31223b7d),
('1rkv461bva8kq68opdhpn96lhf81vjt2', '127.0.0.1', 1706112080, 0x5f5f63695f6c6173745f726567656e65726174657c693a313730363131323038303b5f5f4143544956455f53455353494f4e5f444154417c733a3235363a22393435333232396265633434393363363338643966326665653633383532343334363537353663343831623536613966663939333230613331393236656233636333666537633362613139373631336137623038663964616337393731346135376132623966666437333230656365666630393264653261366164343036393964507436486153536c445639304b52477256306365355539334545745a2f584c727645345654762f752f7a574f30395452774c616c6f4b453248776d4779426555516f4d62496f4a65625a4a577454726f52456265726b66467857576d73365433364c7355574455434d6a7945427936444263686678776f5054424255354347223b636172745f636f6e74656e74737c613a383a7b733a31303a22636172745f746f74616c223b643a3937323030303b733a31313a22746f74616c5f6974656d73223b643a383b733a33323a223730656664663265633962303836303739373935633434323633366235356662223b613a363a7b733a323a226964223b733a323a223137223b733a333a22717479223b643a323b733a353a227072696365223b643a3134393030303b733a343a226e616d65223b733a32383a224e6f6b61204f76657273697a6520547368697274202d20437265616d223b733a353a22726f776964223b733a33323a223730656664663265633962303836303739373935633434323633366235356662223b733a383a22737562746f74616c223b643a3239383030303b7d733a33323a223635313262643433643963616136653032633939306230613832363532646361223b613a363a7b733a323a226964223b733a323a223131223b733a333a22717479223b643a323b733a353a227072696365223b643a33393030303b733a343a226e616d65223b733a31333a224e6f6b61204b6579636861696e223b733a353a22726f776964223b733a33323a223635313262643433643963616136653032633939306230613832363532646361223b733a383a22737562746f74616c223b643a37383030303b7d733a33323a223962663331633766663036323933366139366433633862643166386632666633223b613a363a7b733a323a226964223b733a323a223135223b733a333a22717479223b643a313b733a353a227072696365223b643a3134393030303b733a343a226e616d65223b733a34363a22546f6e61204f76657273697a65205374726970657320547368697274202d20416275204d69737479205075746968223b733a353a22726f776964223b733a33323a223962663331633766663036323933366139366433633862643166386632666633223b733a383a22737562746f74616c223b643a3134393030303b7d733a33323a226337346439376230316561653235376534346161396435626164653937626166223b613a363a7b733a323a226964223b733a323a223136223b733a333a22717479223b643a313b733a353a227072696365223b643a3134393030303b733a343a226e616d65223b733a34373a2241696b6f204f76657273697a65205374726970657320547368697274202d20447573747920526f7365205075746968223b733a353a22726f776964223b733a33323a226337346439376230316561653235376534346161396435626164653937626166223b733a383a22737562746f74616c223b643a3134393030303b7d733a33323a223666343932326634353536383136316138636466346164323239396636643233223b613a363a7b733a323a226964223b733a323a223138223b733a333a22717479223b643a313b733a353a227072696365223b643a3134393030303b733a343a226e616d65223b733a33363a22546f6e61204f76657273697a6520547368697274202d2050616c616469756d20426c7565223b733a353a22726f776964223b733a33323a223666343932326634353536383136316138636466346164323239396636643233223b733a383a22737562746f74616c223b643a3134393030303b7d733a33323a223363353964633034386538383530323433626538303739613563373464303739223b613a363a7b733a323a226964223b733a323a223231223b733a333a22717479223b643a313b733a353a227072696365223b643a3134393030303b733a343a226e616d65223b733a33313a22486172752052696e67657220546565202d205768697465204d757374617264223b733a353a22726f776964223b733a33323a223363353964633034386538383530323433626538303739613563373464303739223b733a383a22737562746f74616c223b643a3134393030303b7d7d5154595f434152547c613a31313a7b693a303b733a34353a227175616e746974795b37306566646632656339623038363037393739356334343236333662353566625d3c3e32223b693a313b733a34353a227175616e746974795b36353132626434336439636161366530326339393062306138323635326463615d3c3e32223b693a323b733a34353a227175616e746974795b63323061643464373666653937373539616132376130633939626666363731305d3c3e31223b693a333b733a34353a227175616e746974795b63353163653431306331323461313065306462356534623937666332616633395d3c3e31223b693a343b733a34353a227175616e746974795b61616233323338393232626363323561366636303665623532356666646335365d3c3e31223b693a353b733a34353a227175616e746974795b39626633316337666630363239333661393664336338626431663866326666335d3c3e31223b693a363b733a34353a227175616e746974795b63373464393762303165616532353765343461613964356261646539376261665d3c3e31223b693a373b733a34353a227175616e746974795b36663439323266343535363831363161386364663461643232393966366432335d3c3e31223b693a383b733a34353a227175616e746974795b33633539646330343865383835303234336265383037396135633734643037395d3c3e31223b693a393b733a34353a227175616e746974795b39386631333730383231303139346334373536383762653631303661336238345d3c3e31223b693a31303b733a34353a227175616e746974795b31663065336461643939393038333435663734333966386666616264666663345d3c3e31223b7d),
('9mjbmqgm009isksi6jb31fkem4j8ouhs', '127.0.0.1', 1706112386, 0x5f5f63695f6c6173745f726567656e65726174657c693a313730363131323338363b5f5f4143544956455f53455353494f4e5f444154417c733a3235363a22393435333232396265633434393363363338643966326665653633383532343334363537353663343831623536613966663939333230613331393236656233636333666537633362613139373631336137623038663964616337393731346135376132623966666437333230656365666630393264653261366164343036393964507436486153536c445639304b52477256306365355539334545745a2f584c727645345654762f752f7a574f30395452774c616c6f4b453248776d4779426555516f4d62496f4a65625a4a577454726f52456265726b66467857576d73365433364c7355574455434d6a7945427936444263686678776f5054424255354347223b636172745f636f6e74656e74737c613a383a7b733a31303a22636172745f746f74616c223b643a3937323030303b733a31313a22746f74616c5f6974656d73223b643a383b733a33323a223730656664663265633962303836303739373935633434323633366235356662223b613a363a7b733a323a226964223b733a323a223137223b733a333a22717479223b643a323b733a353a227072696365223b643a3134393030303b733a343a226e616d65223b733a32383a224e6f6b61204f76657273697a6520547368697274202d20437265616d223b733a353a22726f776964223b733a33323a223730656664663265633962303836303739373935633434323633366235356662223b733a383a22737562746f74616c223b643a3239383030303b7d733a33323a223635313262643433643963616136653032633939306230613832363532646361223b613a363a7b733a323a226964223b733a323a223131223b733a333a22717479223b643a323b733a353a227072696365223b643a33393030303b733a343a226e616d65223b733a31333a224e6f6b61204b6579636861696e223b733a353a22726f776964223b733a33323a223635313262643433643963616136653032633939306230613832363532646361223b733a383a22737562746f74616c223b643a37383030303b7d733a33323a223962663331633766663036323933366139366433633862643166386632666633223b613a363a7b733a323a226964223b733a323a223135223b733a333a22717479223b643a313b733a353a227072696365223b643a3134393030303b733a343a226e616d65223b733a34363a22546f6e61204f76657273697a65205374726970657320547368697274202d20416275204d69737479205075746968223b733a353a22726f776964223b733a33323a223962663331633766663036323933366139366433633862643166386632666633223b733a383a22737562746f74616c223b643a3134393030303b7d733a33323a226337346439376230316561653235376534346161396435626164653937626166223b613a363a7b733a323a226964223b733a323a223136223b733a333a22717479223b643a313b733a353a227072696365223b643a3134393030303b733a343a226e616d65223b733a34373a2241696b6f204f76657273697a65205374726970657320547368697274202d20447573747920526f7365205075746968223b733a353a22726f776964223b733a33323a226337346439376230316561653235376534346161396435626164653937626166223b733a383a22737562746f74616c223b643a3134393030303b7d733a33323a223666343932326634353536383136316138636466346164323239396636643233223b613a363a7b733a323a226964223b733a323a223138223b733a333a22717479223b643a313b733a353a227072696365223b643a3134393030303b733a343a226e616d65223b733a33363a22546f6e61204f76657273697a6520547368697274202d2050616c616469756d20426c7565223b733a353a22726f776964223b733a33323a223666343932326634353536383136316138636466346164323239396636643233223b733a383a22737562746f74616c223b643a3134393030303b7d733a33323a223363353964633034386538383530323433626538303739613563373464303739223b613a363a7b733a323a226964223b733a323a223231223b733a333a22717479223b643a313b733a353a227072696365223b643a3134393030303b733a343a226e616d65223b733a33313a22486172752052696e67657220546565202d205768697465204d757374617264223b733a353a22726f776964223b733a33323a223363353964633034386538383530323433626538303739613563373464303739223b733a383a22737562746f74616c223b643a3134393030303b7d7d5154595f434152547c613a31313a7b693a303b733a34353a227175616e746974795b37306566646632656339623038363037393739356334343236333662353566625d3c3e32223b693a313b733a34353a227175616e746974795b36353132626434336439636161366530326339393062306138323635326463615d3c3e32223b693a323b733a34353a227175616e746974795b63323061643464373666653937373539616132376130633939626666363731305d3c3e31223b693a333b733a34353a227175616e746974795b63353163653431306331323461313065306462356534623937666332616633395d3c3e31223b693a343b733a34353a227175616e746974795b61616233323338393232626363323561366636303665623532356666646335365d3c3e31223b693a353b733a34353a227175616e746974795b39626633316337666630363239333661393664336338626431663866326666335d3c3e31223b693a363b733a34353a227175616e746974795b63373464393762303165616532353765343461613964356261646539376261665d3c3e31223b693a373b733a34353a227175616e746974795b36663439323266343535363831363161386364663461643232393966366432335d3c3e31223b693a383b733a34353a227175616e746974795b33633539646330343865383835303234336265383037396135633734643037395d3c3e31223b693a393b733a34353a227175616e746974795b39386631333730383231303139346334373536383762653631303661336238345d3c3e31223b693a31303b733a34353a227175616e746974795b31663065336461643939393038333435663734333966386666616264666663345d3c3e31223b7d),
('c0t4q6ubda2vi9hpaq8n5cd2v2rql2tm', '127.0.0.1', 1706112888, 0x5f5f63695f6c6173745f726567656e65726174657c693a313730363131323838383b5f5f4143544956455f53455353494f4e5f444154417c733a3235363a22393435333232396265633434393363363338643966326665653633383532343334363537353663343831623536613966663939333230613331393236656233636333666537633362613139373631336137623038663964616337393731346135376132623966666437333230656365666630393264653261366164343036393964507436486153536c445639304b52477256306365355539334545745a2f584c727645345654762f752f7a574f30395452774c616c6f4b453248776d4779426555516f4d62496f4a65625a4a577454726f52456265726b66467857576d73365433364c7355574455434d6a7945427936444263686678776f5054424255354347223b5154595f434152547c613a313a7b693a303b733a34353a227175616e746974795b36353132626434336439636161366530326339393062306138323635326463615d3c3e31223b7d6f726465725f666c6173687c733a32363a224f7264657220626572686173696c20646974616d6261686b616e223b5f5f63695f766172737c613a313a7b733a31313a226f726465725f666c617368223b733a333a226f6c64223b7d),
('a5uc7sl6m7knsimn7l49d0ohbq26as3r', '::1', 1706113251, 0x5f5f63695f6c6173745f726567656e65726174657c693a313730363131333235313b),
('ejcnnmdch1sgdpv5fa17vui2ju69pv4s', '::1', 1706113146, 0x5f5f63695f6c6173745f726567656e65726174657c693a313730363131333134363b7265646972656374696f6e7c4e3b),
('tfvno4p6rrmh0jfn5sk7mvi76eoju5i1', '127.0.0.1', 1706113419, 0x5f5f63695f6c6173745f726567656e65726174657c693a313730363131333431393b5f5f4143544956455f53455353494f4e5f444154417c733a3235363a223666646563316164613434316164636266663764646239313662306665376537326434393162326463623662383965623937386534626330373337633465363365333637643839653264343134666530356265646563663566656133373163653734653831663030383039313637383139316435333335303765336438376364507841574e4f6f534643653141524b50776b4547706b564563493258534e4355426c455652636f674175672b42514a486b746e7041744337526c71476d774b334754757133774e734356766f4d474946764e3534646539396b776b685a47627454305879574b726a364a6341706e546934416b5036616c316a35704e36382b5a223b5154595f434152547c613a323a7b693a303b733a34353a227175616e746974795b36353132626434336439636161366530326339393062306138323635326463615d3c3e31223b693a313b733a34353a227175616e746974795b63323061643464373666653937373539616132376130633939626666363731305d3c3e31223b7d7265646972656374696f6e7c4e3b6f726465725f666c6173687c733a32363a224f7264657220626572686173696c20646974616d6261686b616e223b5f5f63695f766172737c613a313a7b733a31313a226f726465725f666c617368223b733a333a226f6c64223b7d),
('j5huk2c0ub7f6ab1bsnj7gvjj70rj7e6', '::1', 1706113517, 0x5f5f63695f6c6173745f726567656e65726174657c693a313730363131333531373b7265646972656374696f6e7c4e3b5154595f434152547c613a313a7b693a303b733a34353a227175616e746974795b63373464393762303165616532353765343461613964356261646539376261665d3c3e31223b7d5f5f4143544956455f53455353494f4e5f444154417c733a3235363a223936396637643231393663303830323465313061313865363430633832383037313166343931303539633166646232333239653466663364346136336338633236386533366464306634393231356166336163656138333836613663656634623030663437623664356466303435353934633037626233306162383537373239354c585463377547494549496b595a6c626175514c7431693334537a706a703636366d793370516e4f476a634754776a5349326979367872577644664c4e70525a55465675356d452b31726165774c4b306d74625a507a65654853347a644461613076784a34505579537050702b7235326d42496761704a654272542b61615a223b6f726465725f666c6173687c733a32363a2253746174757320626572686173696c2064697065726261727569223b5f5f63695f766172737c613a313a7b733a31313a226f726465725f666c617368223b733a333a226f6c64223b7d),
('kmn3ij8s3a2lbef630n0mljjgv028jam', '::1', 1706113251, 0x5f5f63695f6c6173745f726567656e65726174657c693a313730363131333235313b),
('rkoahl4vg734nfd71ds3fh9ec7o5s6ja', '127.0.0.1', 1706113746, 0x5f5f63695f6c6173745f726567656e65726174657c693a313730363131333734363b5154595f434152547c613a323a7b693a303b733a34353a227175616e746974795b36353132626434336439636161366530326339393062306138323635326463615d3c3e31223b693a313b733a34353a227175616e746974795b63323061643464373666653937373539616132376130633939626666363731305d3c3e31223b7d7265646972656374696f6e7c4e3b5f5f4143544956455f53455353494f4e5f444154417c733a3235363a22613031646135613163633662373065393834636566376439626566636633633438306630373261643835616162393564623232643635363236636639653666376636613136623062333265383236646565393363336464663234316630356361306532343633303731393734656130636633333031393061336435633565366437697a63396979726f507a3464626467504c4c734b2b324434583547534b5a6d6c6f576e426a64477142424e4e434b704b4135652f59334c52747833584563386c732f33797278516537314754634a4c6f4f4a446f5151487236334855397a6836654c78757132596259636c5459446434534c38416e4c65586a4f2b786c7664223b),
('jnn575t4fnvma0a48ap638l4i9attlga', '::1', 1706113822, 0x5f5f63695f6c6173745f726567656e65726174657c693a313730363131333832323b7265646972656374696f6e7c4e3b5154595f434152547c613a313a7b693a303b733a34353a227175616e746974795b63373464393762303165616532353765343461613964356261646539376261665d3c3e31223b7d5f5f4143544956455f53455353494f4e5f444154417c733a3235363a223936396637643231393663303830323465313061313865363430633832383037313166343931303539633166646232333239653466663364346136336338633236386533366464306634393231356166336163656138333836613663656634623030663437623664356466303435353934633037626233306162383537373239354c585463377547494549496b595a6c626175514c7431693334537a706a703636366d793370516e4f476a634754776a5349326979367872577644664c4e70525a55465675356d452b31726165774c4b306d74625a507a65654853347a644461613076784a34505579537050702b7235326d42496761704a654272542b61615a223b),
('m8fn5h352a6j4aat10cm4hfcpe3hu4ro', '127.0.0.1', 1706114241, 0x5f5f63695f6c6173745f726567656e65726174657c693a313730363131343234313b5154595f434152547c613a323a7b693a303b733a34353a227175616e746974795b36353132626434336439636161366530326339393062306138323635326463615d3c3e31223b693a313b733a34353a227175616e746974795b63323061643464373666653937373539616132376130633939626666363731305d3c3e31223b7d7265646972656374696f6e7c4e3b5f5f4143544956455f53455353494f4e5f444154417c733a3235363a22613031646135613163633662373065393834636566376439626566636633633438306630373261643835616162393564623232643635363236636639653666376636613136623062333265383236646565393363336464663234316630356361306532343633303731393734656130636633333031393061336435633565366437697a63396979726f507a3464626467504c4c734b2b324434583547534b5a6d6c6f576e426a64477142424e4e434b704b4135652f59334c52747833584563386c732f33797278516537314754634a4c6f4f4a446f5151487236334855397a6836654c78757132596259636c5459446434534c38416e4c65586a4f2b786c7664223b),
('r28k2b2djbmsdv3grsdlbb2l6cr93fqk', '::1', 1706114131, 0x5f5f63695f6c6173745f726567656e65726174657c693a313730363131343133313b7265646972656374696f6e7c4e3b5154595f434152547c613a313a7b693a303b733a34353a227175616e746974795b63373464393762303165616532353765343461613964356261646539376261665d3c3e31223b7d5f5f4143544956455f53455353494f4e5f444154417c733a3235363a223936396637643231393663303830323465313061313865363430633832383037313166343931303539633166646232333239653466663364346136336338633236386533366464306634393231356166336163656138333836613663656634623030663437623664356466303435353934633037626233306162383537373239354c585463377547494549496b595a6c626175514c7431693334537a706a703636366d793370516e4f476a634754776a5349326979367872577644664c4e70525a55465675356d452b31726165774c4b306d74625a507a65654853347a644461613076784a34505579537050702b7235326d42496761704a654272542b61615a223b),
('s3rnr1sppfhn936ragfj6iv9sb6ct456', '::1', 1706114450, 0x5f5f63695f6c6173745f726567656e65726174657c693a313730363131343435303b7265646972656374696f6e7c4e3b5154595f434152547c613a313a7b693a303b733a34353a227175616e746974795b63373464393762303165616532353765343461613964356261646539376261665d3c3e31223b7d5f5f4143544956455f53455353494f4e5f444154417c733a3235363a223936396637643231393663303830323465313061313865363430633832383037313166343931303539633166646232333239653466663364346136336338633236386533366464306634393231356166336163656138333836613663656634623030663437623664356466303435353934633037626233306162383537373239354c585463377547494549496b595a6c626175514c7431693334537a706a703636366d793370516e4f476a634754776a5349326979367872577644664c4e70525a55465675356d452b31726165774c4b306d74625a507a65654853347a644461613076784a34505579537050702b7235326d42496761704a654272542b61615a223b),
('lhcj4k0hi57mcrqdm1ti1q7s7mluch46', '127.0.0.1', 1706114426, 0x5f5f63695f6c6173745f726567656e65726174657c693a313730363131343234313b5154595f434152547c613a323a7b693a303b733a34353a227175616e746974795b36353132626434336439636161366530326339393062306138323635326463615d3c3e31223b693a313b733a34353a227175616e746974795b63323061643464373666653937373539616132376130633939626666363731305d3c3e31223b7d7265646972656374696f6e7c4e3b5f5f4143544956455f53455353494f4e5f444154417c733a3235363a22613031646135613163633662373065393834636566376439626566636633633438306630373261643835616162393564623232643635363236636639653666376636613136623062333265383236646565393363336464663234316630356361306532343633303731393734656130636633333031393061336435633565366437697a63396979726f507a3464626467504c4c734b2b324434583547534b5a6d6c6f576e426a64477142424e4e434b704b4135652f59334c52747833584563386c732f33797278516537314754634a4c6f4f4a446f5151487236334855397a6836654c78757132596259636c5459446434534c38416e4c65586a4f2b786c7664223b),
('t9ehj6gi9l6skiti68mcvj8u2ll656vo', '::1', 1706114450, 0x5f5f63695f6c6173745f726567656e65726174657c693a313730363131343435303b7265646972656374696f6e7c4e3b5154595f434152547c613a313a7b693a303b733a34353a227175616e746974795b63373464393762303165616532353765343461613964356261646539376261665d3c3e31223b7d5f5f4143544956455f53455353494f4e5f444154417c733a3235363a223936396637643231393663303830323465313061313865363430633832383037313166343931303539633166646232333239653466663364346136336338633236386533366464306634393231356166336163656138333836613663656634623030663437623664356466303435353934633037626233306162383537373239354c585463377547494549496b595a6c626175514c7431693334537a706a703636366d793370516e4f476a634754776a5349326979367872577644664c4e70525a55465675356d452b31726165774c4b306d74625a507a65654853347a644461613076784a34505579537050702b7235326d42496761704a654272542b61615a223b),
('05hl3eet3hhm7n0fq1dnq9090tir24ml', '::1', 1706150202, 0x5f5f63695f6c6173745f726567656e65726174657c693a313730363135303230323b5f5f4143544956455f53455353494f4e5f444154417c733a3235363a2233306464616232393263303166343930636262663539343234646636353939636330396632666162353865393631306437393033373961376536303637363761383636306439623830613162623464393166353830623032623763643837373031356466376636363362336139396562646161383138343731653432636337345370412f762b715763307070625042324a5869686b586c613866743135707767413161475432526c49556f57786158716a586a33614c56494877366a2b6f7a4f36354e6f497a4d3042577233495a76545372434b46515a6a674d7a3570653979496e48537474394b45634a75586a7750514b4d485563786e7a54722f3938764e223b7265646972656374696f6e7c4e3b),
('phsl2vaqtccis26d5fhpfqp66fs6a7re', '::1', 1706150590, 0x5f5f63695f6c6173745f726567656e65726174657c693a313730363135303539303b5f5f4143544956455f53455353494f4e5f444154417c733a3235363a2233306464616232393263303166343930636262663539343234646636353939636330396632666162353865393631306437393033373961376536303637363761383636306439623830613162623464393166353830623032623763643837373031356466376636363362336139396562646161383138343731653432636337345370412f762b715763307070625042324a5869686b586c613866743135707767413161475432526c49556f57786158716a586a33614c56494877366a2b6f7a4f36354e6f497a4d3042577233495a76545372434b46515a6a674d7a3570653979496e48537474394b45634a75586a7750514b4d485563786e7a54722f3938764e223b7265646972656374696f6e7c4e3b),
('4i15ml8hs9ijl7oagufrp9lf92gbohas', '::1', 1706150894, 0x5f5f63695f6c6173745f726567656e65726174657c693a313730363135303839343b5f5f4143544956455f53455353494f4e5f444154417c733a3235363a2233306464616232393263303166343930636262663539343234646636353939636330396632666162353865393631306437393033373961376536303637363761383636306439623830613162623464393166353830623032623763643837373031356466376636363362336139396562646161383138343731653432636337345370412f762b715763307070625042324a5869686b586c613866743135707767413161475432526c49556f57786158716a586a33614c56494877366a2b6f7a4f36354e6f497a4d3042577233495a76545372434b46515a6a674d7a3570653979496e48537474394b45634a75586a7750514b4d485563786e7a54722f3938764e223b7265646972656374696f6e7c4e3b5154595f434152547c613a313a7b693a303b733a34353a227175616e746974795b63373464393762303165616532353765343461613964356261646539376261665d3c3e31223b7d6f726465725f666c6173687c733a32363a224f7264657220626572686173696c20646974616d6261686b616e223b5f5f63695f766172737c613a313a7b733a31313a226f726465725f666c617368223b733a333a226f6c64223b7d),
('ikjnpe3rvdtqi8rle3ubdfat8motp745', '::1', 1706151480, 0x5f5f63695f6c6173745f726567656e65726174657c693a313730363135313438303b),
('iq9b6ih5i6hbohh4rodtbcrj86nmmei6', '::1', 1706151335, 0x5f5f63695f6c6173745f726567656e65726174657c693a313730363135313333353b5f5f4143544956455f53455353494f4e5f444154417c733a3235363a2233306464616232393263303166343930636262663539343234646636353939636330396632666162353865393631306437393033373961376536303637363761383636306439623830613162623464393166353830623032623763643837373031356466376636363362336139396562646161383138343731653432636337345370412f762b715763307070625042324a5869686b586c613866743135707767413161475432526c49556f57786158716a586a33614c56494877366a2b6f7a4f36354e6f497a4d3042577233495a76545372434b46515a6a674d7a3570653979496e48537474394b45634a75586a7750514b4d485563786e7a54722f3938764e223b7265646972656374696f6e7c4e3b5154595f434152547c613a313a7b693a303b733a34353a227175616e746974795b39386631333730383231303139346334373536383762653631303661336238345d3c3e31223b7d),
('2i3giso5dnu59rtc5r0cgosta9n7h5kr', '127.0.0.1', 1706151500, 0x5f5f63695f6c6173745f726567656e65726174657c693a313730363135313530303b5f5f4143544956455f53455353494f4e5f444154417c733a3235363a226561616639663532393730663930656466316437656137326563333761636538636534336364363865333561313961306232353837333639313432666665356539356432396130373636313264353265383132373934626235336666303330363831366132633236616539346431393864623732333563373335343966373532707a55757058756867574e366d2f727a797053777576677950454879464c704a3274704968656d622b56776c485347636137647167384b4439726b4e486a6c52546c334145786c48704f624553377150724659623874684e4d2f686e6b6271314d6b4e334145336b50677667326e546d462f525034617a544e715532304e5a44223b5154595f434152547c613a313a7b693a303b733a34353a227175616e746974795b36353132626434336439636161366530326339393062306138323635326463615d3c3e31223b7d6f726465725f666c6173687c733a32363a224f7264657220626572686173696c20646974616d6261686b616e223b5f5f63695f766172737c613a313a7b733a31313a226f726465725f666c617368223b733a333a226f6c64223b7d),
('ktr8fal1ne2mosolce8kmk7h7hef71bl', '::1', 1706152386, 0x5f5f63695f6c6173745f726567656e65726174657c693a313730363135323338363b7265646972656374696f6e7c4e3b5154595f434152547c613a313a7b693a303b733a34353a227175616e746974795b39386631333730383231303139346334373536383762653631303661336238345d3c3e31223b7d5f5f4143544956455f53455353494f4e5f444154417c733a3235363a22623064653934336561343430313065303632343764313262323131373462646463623536626665653231643961306165323131636433383530613861663136333135643131636562376666313237323237353834303061363163653337303664326162373134653833333134343231376434333534303636666639633837616441766f374a46525130444c4a6a38736e5655715339596d3349636734486945667556732b7249526f754d3462654f484b4e4e6c6f6848412b4b304170666853675847416e624f6e4c6b63787a4e78776b75674a436a7355446e79596e70766b6552734c7062467036646879556172794d4d354a30474e7a67683259635466782f223b),
('jlkq190fo4el679cneeel270i8fb1kbh', '::1', 1706151928, 0x5f5f63695f6c6173745f726567656e65726174657c693a313730363135313932383b),
('43tneqabm92veeefjvs32g1hecq4knau', '127.0.0.1', 1706151878, 0x5f5f63695f6c6173745f726567656e65726174657c693a313730363135313837383b5f5f4143544956455f53455353494f4e5f444154417c733a3235363a226561616639663532393730663930656466316437656137326563333761636538636534336364363865333561313961306232353837333639313432666665356539356432396130373636313264353265383132373934626235336666303330363831366132633236616539346431393864623732333563373335343966373532707a55757058756867574e366d2f727a797053777576677950454879464c704a3274704968656d622b56776c485347636137647167384b4439726b4e486a6c52546c334145786c48704f624553377150724659623874684e4d2f686e6b6271314d6b4e334145336b50677667326e546d462f525034617a544e715532304e5a44223b5154595f434152547c613a313a7b693a303b733a34353a227175616e746974795b36353132626434336439636161366530326339393062306138323635326463615d3c3e31223b7d),
('2sf9bvui2jm7rdnup0e9742ncan5fiec', '127.0.0.1', 1706152185, 0x5f5f63695f6c6173745f726567656e65726174657c693a313730363135323138353b5f5f4143544956455f53455353494f4e5f444154417c733a3235363a226561616639663532393730663930656466316437656137326563333761636538636534336364363865333561313961306232353837333639313432666665356539356432396130373636313264353265383132373934626235336666303330363831366132633236616539346431393864623732333563373335343966373532707a55757058756867574e366d2f727a797053777576677950454879464c704a3274704968656d622b56776c485347636137647167384b4439726b4e486a6c52546c334145786c48704f624553377150724659623874684e4d2f686e6b6271314d6b4e334145336b50677667326e546d462f525034617a544e715532304e5a44223b5154595f434152547c613a313a7b693a303b733a34353a227175616e746974795b63373464393762303165616532353765343461613964356261646539376261665d3c3e31223b7d),
('7npbvc36dv4fhai5de96lrtu1i3jrifr', '::1', 1706152271, 0x5f5f63695f6c6173745f726567656e65726174657c693a313730363135323237313b),
('ns1re0akmd03shb3p6tg2lougt7ehgld', '127.0.0.1', 1706151967, 0x5f5f63695f6c6173745f726567656e65726174657c693a313730363135313936373b),
('ggimokvv5h3mvqnnqa0t1j55dihfojen', '127.0.0.1', 1706151967, ''),
('iv2mo5l4pfaa6caqnngiekeq60qrt5s1', '127.0.0.1', 1706156928, 0x5f5f63695f6c6173745f726567656e65726174657c693a313730363135363932383b5f5f4143544956455f53455353494f4e5f444154417c733a3235363a226561616639663532393730663930656466316437656137326563333761636538636534336364363865333561313961306232353837333639313432666665356539356432396130373636313264353265383132373934626235336666303330363831366132633236616539346431393864623732333563373335343966373532707a55757058756867574e366d2f727a797053777576677950454879464c704a3274704968656d622b56776c485347636137647167384b4439726b4e486a6c52546c334145786c48704f624553377150724659623874684e4d2f686e6b6271314d6b4e334145336b50677667326e546d462f525034617a544e715532304e5a44223b5154595f434152547c613a313a7b693a303b733a34353a227175616e746974795b39626633316337666630363239333661393664336338626431663866326666335d3c3e31223b7d),
('6dla2di75hgkkvrphhjqg6lprhm25s86', '::1', 1706156632, 0x5f5f63695f6c6173745f726567656e65726174657c693a313730363135363633323b),
('oat43n3puk54s0va4jcqn2cjr0q2t9n1', '::1', 1706152687, 0x5f5f63695f6c6173745f726567656e65726174657c693a313730363135323638373b7265646972656374696f6e7c4e3b5154595f434152547c613a313a7b693a303b733a34353a227175616e746974795b63373464393762303165616532353765343461613964356261646539376261665d3c3e31223b7d5f5f4143544956455f53455353494f4e5f444154417c733a3235363a22623064653934336561343430313065303632343764313262323131373462646463623536626665653231643961306165323131636433383530613861663136333135643131636562376666313237323237353834303061363163653337303664326162373134653833333134343231376434333534303636666639633837616441766f374a46525130444c4a6a38736e5655715339596d3349636734486945667556732b7249526f754d3462654f484b4e4e6c6f6848412b4b304170666853675847416e624f6e4c6b63787a4e78776b75674a436a7355446e79596e70766b6552734c7062467036646879556172794d4d354a30474e7a67683259635466782f223b636172745f636f6e74656e74737c613a333a7b733a31303a22636172745f746f74616c223b643a3134393030303b733a31313a22746f74616c5f6974656d73223b643a313b733a33323a226337346439376230316561653235376534346161396435626164653937626166223b613a363a7b733a323a226964223b733a323a223136223b733a333a22717479223b643a313b733a353a227072696365223b643a3134393030303b733a343a226e616d65223b733a34373a2241696b6f204f76657273697a65205374726970657320547368697274202d20447573747920526f7365205075746968223b733a353a22726f776964223b733a33323a226337346439376230316561653235376534346161396435626164653937626166223b733a383a22737562746f74616c223b643a3134393030303b7d7d6f726465725f7175616e746974797c613a313a7b693a31363b613a323a7b733a333a22717479223b643a313b733a353a227072696365223b643a3134393030303b7d7d746f74616c5f70726963657c643a3134393030303b),
('cjfrgk8fo9coo7v4fbj65t6iql5oe71c', '::1', 1706153236, 0x5f5f63695f6c6173745f726567656e65726174657c693a313730363135333233363b7265646972656374696f6e7c4e3b5154595f434152547c613a323a7b693a303b733a34353a227175616e746974795b63373464393762303165616532353765343461613964356261646539376261665d3c3e31223b693a313b733a34353a227175616e746974795b61616233323338393232626363323561366636303665623532356666646335365d3c3e31223b7d5f5f4143544956455f53455353494f4e5f444154417c733a3235363a22623064653934336561343430313065303632343764313262323131373462646463623536626665653231643961306165323131636433383530613861663136333135643131636562376666313237323237353834303061363163653337303664326162373134653833333134343231376434333534303636666639633837616441766f374a46525130444c4a6a38736e5655715339596d3349636734486945667556732b7249526f754d3462654f484b4e4e6c6f6848412b4b304170666853675847416e624f6e4c6b63787a4e78776b75674a436a7355446e79596e70766b6552734c7062467036646879556172794d4d354a30474e7a67683259635466782f223b636172745f636f6e74656e74737c613a343a7b733a31303a22636172745f746f74616c223b643a3239383030303b733a31313a22746f74616c5f6974656d73223b643a323b733a33323a226337346439376230316561653235376534346161396435626164653937626166223b613a363a7b733a323a226964223b733a323a223136223b733a333a22717479223b643a313b733a353a227072696365223b643a3134393030303b733a343a226e616d65223b733a34373a2241696b6f204f76657273697a65205374726970657320547368697274202d20447573747920526f7365205075746968223b733a353a22726f776964223b733a33323a226337346439376230316561653235376534346161396435626164653937626166223b733a383a22737562746f74616c223b643a3134393030303b7d733a33323a226161623332333839323262636332356136663630366562353235666664633536223b613a363a7b733a323a226964223b733a323a223134223b733a333a22717479223b643a313b733a353a227072696365223b643a3134393030303b733a343a226e616d65223b733a34323a224e6f6b61204f76657273697a65205374726970657320547368697274202d204265696765205075746968223b733a353a22726f776964223b733a33323a226161623332333839323262636332356136663630366562353235666664633536223b733a383a22737562746f74616c223b643a3134393030303b7d7d6f726465725f7175616e746974797c613a323a7b693a31363b613a323a7b733a333a22717479223b643a313b733a353a227072696365223b643a3134393030303b7d693a31343b613a323a7b733a333a22717479223b643a313b733a353a227072696365223b643a3134393030303b7d7d746f74616c5f70726963657c643a3239383030303b);
INSERT INTO `ci_sessions` (`id`, `ip_address`, `timestamp`, `data`) VALUES
('sb4u0nhsu7pl8eqp19b7l01v6bjdn51a', '::1', 1706153680, 0x5f5f63695f6c6173745f726567656e65726174657c693a313730363135333638303b7265646972656374696f6e7c4e3b5154595f434152547c613a333a7b693a303b733a34353a227175616e746974795b63373464393762303165616532353765343461613964356261646539376261665d3c3e31223b693a313b733a34353a227175616e746974795b61616233323338393232626363323561366636303665623532356666646335365d3c3e31223b693a323b733a34353a227175616e746974795b36353132626434336439636161366530326339393062306138323635326463615d3c3e32223b7d5f5f4143544956455f53455353494f4e5f444154417c733a3235363a2266313463653562393961623833346433363431303765643961306164663561346438356335616133373736396665366331636364623965663833363134656539653933353838313962346632333466656130343530363966616632313336353863313236663932336466653563633766343336633938363864626335353039614651696c396d66427953736f6e4e436e47514b3142394f545a586d544f4c58314231776737506d476b503159546839324244626362765874412f6f45324b555a73582b44436f4a564a62546931352b2b322b315343786645463148326c64532b76432b2b496f4857712b4a51446874466270346354504e4667704a4270445470223b6f726465725f666c6173687c733a32363a224f7264657220626572686173696c20646974616d6261686b616e223b5f5f63695f766172737c613a313a7b733a31313a226f726465725f666c617368223b733a333a226f6c64223b7d),
('qbt8fjp4rffm3gu1ogf5b0fjmd9r9uqd', '::1', 1706156563, 0x5f5f63695f6c6173745f726567656e65726174657c693a313730363135363536333b7265646972656374696f6e7c4e3b5154595f434152547c613a313a7b693a303b733a34353a227175616e746974795b36353132626434336439636161366530326339393062306138323635326463615d3c3e31223b7d5f5f4143544956455f53455353494f4e5f444154417c733a3235363a2266313463653562393961623833346433363431303765643961306164663561346438356335616133373736396665366331636364623965663833363134656539653933353838313962346632333466656130343530363966616632313336353863313236663932336466653563633766343336633938363864626335353039614651696c396d66427953736f6e4e436e47514b3142394f545a586d544f4c58314231776737506d476b503159546839324244626362765874412f6f45324b555a73582b44436f4a564a62546931352b2b322b315343786645463148326c64532b76432b2b496f4857712b4a51446874466270346354504e4667704a4270445470223b6f726465725f666c6173687c733a32363a224f7264657220626572686173696c20646974616d6261686b616e223b5f5f63695f766172737c613a313a7b733a31313a226f726465725f666c617368223b733a333a226f6c64223b7d),
('gllc9uqqqf6g6am9rl58qld0lhfv55dq', '::1', 1706156875, 0x5f5f63695f6c6173745f726567656e65726174657c693a313730363135363837353b7265646972656374696f6e7c4e3b5154595f434152547c613a313a7b693a303b733a34353a227175616e746974795b63373464393762303165616532353765343461613964356261646539376261665d3c3e31223b7d5f5f4143544956455f53455353494f4e5f444154417c733a3235363a2266313463653562393961623833346433363431303765643961306164663561346438356335616133373736396665366331636364623965663833363134656539653933353838313962346632333466656130343530363966616632313336353863313236663932336466653563633766343336633938363864626335353039614651696c396d66427953736f6e4e436e47514b3142394f545a586d544f4c58314231776737506d476b503159546839324244626362765874412f6f45324b555a73582b44436f4a564a62546931352b2b322b315343786645463148326c64532b76432b2b496f4857712b4a51446874466270346354504e4667704a4270445470223b6f726465725f666c6173687c733a32363a224f7264657220626572686173696c20646974616d6261686b616e223b5f5f63695f766172737c613a313a7b733a31313a226f726465725f666c617368223b733a333a226f6c64223b7d),
('8oml4putb8cttmk2tha7bacqvh5k78pa', '::1', 1706157310, 0x5f5f63695f6c6173745f726567656e65726174657c693a313730363135373331303b),
('sjhrs8t1secglavvdn27jpltlj2n5ite', '::1', 1706157266, 0x5f5f63695f6c6173745f726567656e65726174657c693a313730363135373236363b7265646972656374696f6e7c4e3b5154595f434152547c613a313a7b693a303b733a34353a227175616e746974795b63373464393762303165616532353765343461613964356261646539376261665d3c3e31223b7d5f5f4143544956455f53455353494f4e5f444154417c733a3235363a2266313463653562393961623833346433363431303765643961306164663561346438356335616133373736396665366331636364623965663833363134656539653933353838313962346632333466656130343530363966616632313336353863313236663932336466653563633766343336633938363864626335353039614651696c396d66427953736f6e4e436e47514b3142394f545a586d544f4c58314231776737506d476b503159546839324244626362765874412f6f45324b555a73582b44436f4a564a62546931352b2b322b315343786645463148326c64532b76432b2b496f4857712b4a51446874466270346354504e4667704a4270445470223b),
('kv7andv2ijr7ef2mkdt052to114chg1b', '127.0.0.1', 1706157229, 0x5f5f63695f6c6173745f726567656e65726174657c693a313730363135373232393b5154595f434152547c613a313a7b693a303b733a34353a227175616e746974795b39626633316337666630363239333661393664336338626431663866326666335d3c3e31223b7d7265646972656374696f6e7c4e3b5f5f4143544956455f53455353494f4e5f444154417c733a3235363a22363461633030336237643735653932623666303561373837373765643533303464346431633036353465653732353938616438623031653366653931336465346133383562643462366436383434636139373634336237613533653662633733626431383836393130653535326132343864323661656663643435666539336331506f675533626e795261734a6f486742527033316a794d55445872434a345a5171586f674e4a784b68425950754166614964383353437663773264344d77444d645a743130316d2f764e46724a774871702f4a57414165446c33416b46774a56706261303847414b637667597a617379753661534c5436504645376b4d4f41223b),
('neceuimsj0psk3psodjp6lv9iofbtj4e', '127.0.0.1', 1706158932, 0x5f5f63695f6c6173745f726567656e65726174657c693a313730363135383933323b5154595f434152547c613a313a7b693a303b733a34353a227175616e746974795b39626633316337666630363239333661393664336338626431663866326666335d3c3e31223b7d7265646972656374696f6e7c4e3b5f5f4143544956455f53455353494f4e5f444154417c733a3235363a22363461633030336237643735653932623666303561373837373765643533303464346431633036353465653732353938616438623031653366653931336465346133383562643462366436383434636139373634336237613533653662633733626431383836393130653535326132343864323661656663643435666539336331506f675533626e795261734a6f486742527033316a794d55445872434a345a5171586f674e4a784b68425950754166614964383353437663773264344d77444d645a743130316d2f764e46724a774871702f4a57414165446c33416b46774a56706261303847414b637667597a617379753661534c5436504645376b4d4f41223b),
('6t5mbkddpjk9cjpk44i3c9svt63tv71c', '::1', 1706159147, 0x5f5f63695f6c6173745f726567656e65726174657c693a313730363135393134373b7265646972656374696f6e7c4e3b5154595f434152547c613a313a7b693a303b733a34353a227175616e746974795b36353132626434336439636161366530326339393062306138323635326463615d3c3e31223b7d5f5f4143544956455f53455353494f4e5f444154417c733a3235363a2266313463653562393961623833346433363431303765643961306164663561346438356335616133373736396665366331636364623965663833363134656539653933353838313962346632333466656130343530363966616632313336353863313236663932336466653563633766343336633938363864626335353039614651696c396d66427953736f6e4e436e47514b3142394f545a586d544f4c58314231776737506d476b503159546839324244626362765874412f6f45324b555a73582b44436f4a564a62546931352b2b322b315343786645463148326c64532b76432b2b496f4857712b4a51446874466270346354504e4667704a4270445470223b),
('ecrmaac9kqk05setnch0lcsbh5r9co6f', '::1', 1706159190, 0x5f5f63695f6c6173745f726567656e65726174657c693a313730363135393139303b),
('7qc5u71dp5va1ldmd6asdpo6t9jlasmh', '127.0.0.1', 1706159242, 0x5f5f63695f6c6173745f726567656e65726174657c693a313730363135393234323b5154595f434152547c613a313a7b693a303b733a34353a227175616e746974795b39626633316337666630363239333661393664336338626431663866326666335d3c3e31223b7d7265646972656374696f6e7c4e3b5f5f4143544956455f53455353494f4e5f444154417c733a3235363a22363461633030336237643735653932623666303561373837373765643533303464346431633036353465653732353938616438623031653366653931336465346133383562643462366436383434636139373634336237613533653662633733626431383836393130653535326132343864323661656663643435666539336331506f675533626e795261734a6f486742527033316a794d55445872434a345a5171586f674e4a784b68425950754166614964383353437663773264344d77444d645a743130316d2f764e46724a774871702f4a57414165446c33416b46774a56706261303847414b637667597a617379753661534c5436504645376b4d4f41223b),
('1m41jcfj4dd07l8099mbmblk73elslpr', '::1', 1706159813, 0x5f5f63695f6c6173745f726567656e65726174657c693a313730363135393831333b7265646972656374696f6e7c733a36383a226148523063446f764c327876593246736147397a644339306232747658324a68616e55766157356b5a586775634768774c334e6f623341765932686c593274766458513d223b5154595f434152547c613a313a7b693a303b733a34353a227175616e746974795b36353132626434336439636161366530326339393062306138323635326463615d3c3e31223b7d636172745f636f6e74656e74737c613a333a7b733a31303a22636172745f746f74616c223b643a33393030303b733a31313a22746f74616c5f6974656d73223b643a313b733a33323a223635313262643433643963616136653032633939306230613832363532646361223b613a363a7b733a323a226964223b733a323a223131223b733a333a22717479223b643a313b733a353a227072696365223b643a33393030303b733a343a226e616d65223b733a31333a224e6f6b61204b6579636861696e223b733a353a22726f776964223b733a33323a223635313262643433643963616136653032633939306230613832363532646361223b733a383a22737562746f74616c223b643a33393030303b7d7d5f74656d705f636f75706f6e7c4e3b5f74656d705f7175616e746974797c613a313a7b733a33323a223635313262643433643963616136653032633939306230613832363532646361223b733a313a2231223b7d),
('njs554ct2jhq2muk2oh0aej6ogc1kbmm', '::1', 1706159206, 0x5f5f63695f6c6173745f726567656e65726174657c693a313730363135393139303b),
('9uecos690105nsbhv6g3ba5748rdiokf', '127.0.0.1', 1706159692, 0x5f5f63695f6c6173745f726567656e65726174657c693a313730363135393639323b5154595f434152547c613a313a7b693a303b733a34353a227175616e746974795b39626633316337666630363239333661393664336338626431663866326666335d3c3e31223b7d7265646972656374696f6e7c4e3b5f5f4143544956455f53455353494f4e5f444154417c733a3235363a22363461633030336237643735653932623666303561373837373765643533303464346431633036353465653732353938616438623031653366653931336465346133383562643462366436383434636139373634336237613533653662633733626431383836393130653535326132343864323661656663643435666539336331506f675533626e795261734a6f486742527033316a794d55445872434a345a5171586f674e4a784b68425950754166614964383353437663773264344d77444d645a743130316d2f764e46724a774871702f4a57414165446c33416b46774a56706261303847414b637667597a617379753661534c5436504645376b4d4f41223b),
('knp9tprvn0jhus77g8b64p2mgms2ojtq', '127.0.0.1', 1706160095, 0x5f5f63695f6c6173745f726567656e65726174657c693a313730363136303039353b5154595f434152547c613a313a7b693a303b733a34353a227175616e746974795b39626633316337666630363239333661393664336338626431663866326666335d3c3e31223b7d7265646972656374696f6e7c4e3b5f5f4143544956455f53455353494f4e5f444154417c733a3235363a22363461633030336237643735653932623666303561373837373765643533303464346431633036353465653732353938616438623031653366653931336465346133383562643462366436383434636139373634336237613533653662633733626431383836393130653535326132343864323661656663643435666539336331506f675533626e795261734a6f486742527033316a794d55445872434a345a5171586f674e4a784b68425950754166614964383353437663773264344d77444d645a743130316d2f764e46724a774871702f4a57414165446c33416b46774a56706261303847414b637667597a617379753661534c5436504645376b4d4f41223b),
('av67bbm9snepsdqdki4jnvf2tsm3kkto', '::1', 1706160385, 0x5f5f63695f6c6173745f726567656e65726174657c693a313730363136303338353b5154595f434152547c613a313a7b693a303b733a34353a227175616e746974795b36353132626434336439636161366530326339393062306138323635326463615d3c3e31223b7d636172745f636f6e74656e74737c613a333a7b733a31303a22636172745f746f74616c223b643a33393030303b733a31313a22746f74616c5f6974656d73223b643a313b733a33323a223635313262643433643963616136653032633939306230613832363532646361223b613a363a7b733a323a226964223b733a323a223131223b733a333a22717479223b643a313b733a353a227072696365223b643a33393030303b733a343a226e616d65223b733a31333a224e6f6b61204b6579636861696e223b733a353a22726f776964223b733a33323a223635313262643433643963616136653032633939306230613832363532646361223b733a383a22737562746f74616c223b643a33393030303b7d7d5f5f4143544956455f53455353494f4e5f444154417c733a3235363a223433366433353734353362636232616361313331306334333639383563316334633066613834333131356438336532636163313235353561353830636135376265366235376334633330653262663363623063646565653438366530373338643466613838376165376465653635613863663631366630623965623765646433794b7a59676d2f49324f33484b5445616b5179323161533333624976553179786b526f6b34784444797269306a656a7845615771496162674435534f61394c5848465671794731644a686343415672797669524c627a48497970747941756f35334f6447772f6965522f59334f37445a305448546d766e397045622f354e457a223b6f726465725f7175616e746974797c613a313a7b693a31313b613a323a7b733a333a22717479223b643a313b733a353a227072696365223b643a33393030303b7d7d746f74616c5f70726963657c643a33393030303b),
('ureic97ibaanlm3uaubrgte6t8qd8cbo', '127.0.0.1', 1706160149, 0x5f5f63695f6c6173745f726567656e65726174657c693a313730363136303039353b5154595f434152547c613a313a7b693a303b733a34353a227175616e746974795b39626633316337666630363239333661393664336338626431663866326666335d3c3e31223b7d7265646972656374696f6e7c4e3b5f5f4143544956455f53455353494f4e5f444154417c733a3235363a22363461633030336237643735653932623666303561373837373765643533303464346431633036353465653732353938616438623031653366653931336465346133383562643462366436383434636139373634336237613533653662633733626431383836393130653535326132343864323661656663643435666539336331506f675533626e795261734a6f486742527033316a794d55445872434a345a5171586f674e4a784b68425950754166614964383353437663773264344d77444d645a743130316d2f764e46724a774871702f4a57414165446c33416b46774a56706261303847414b637667597a617379753661534c5436504645376b4d4f41223b),
('p9c4ngovfqrskpf0if2353hiu61gv36c', '::1', 1706160426, 0x5f5f63695f6c6173745f726567656e65726174657c693a313730363136303338353b5154595f434152547c613a313a7b693a303b733a34353a227175616e746974795b36353132626434336439636161366530326339393062306138323635326463615d3c3e31223b7d636172745f636f6e74656e74737c613a333a7b733a31303a22636172745f746f74616c223b643a33393030303b733a31313a22746f74616c5f6974656d73223b643a313b733a33323a223635313262643433643963616136653032633939306230613832363532646361223b613a363a7b733a323a226964223b733a323a223131223b733a333a22717479223b643a313b733a353a227072696365223b643a33393030303b733a343a226e616d65223b733a31333a224e6f6b61204b6579636861696e223b733a353a22726f776964223b733a33323a223635313262643433643963616136653032633939306230613832363532646361223b733a383a22737562746f74616c223b643a33393030303b7d7d6f726465725f7175616e746974797c613a313a7b693a31313b613a323a7b733a333a22717479223b643a313b733a353a227072696365223b643a33393030303b7d7d746f74616c5f70726963657c643a33393030303b6c6f67696e5f666c6173687c733a31363a22426572686173696c206c6f676f757421223b5f5f63695f766172737c613a313a7b733a31313a226c6f67696e5f666c617368223b733a333a226f6c64223b7d7265646972656374696f6e7c4e3b),
('ik5qfblhnmjb9aqgkhi7gu4fnblcj8f6', '::1', 1706176176, 0x5f5f63695f6c6173745f726567656e65726174657c693a313730363137363137363b7265646972656374696f6e7c733a36383a226148523063446f764c327876593246736147397a644339306232747658324a68616e55766157356b5a586775634768774c334e6f623341765932686c593274766458513d223b636172745f636f6e74656e74737c613a333a7b733a31303a22636172745f746f74616c223b643a33393030303b733a31313a22746f74616c5f6974656d73223b643a313b733a33323a223635313262643433643963616136653032633939306230613832363532646361223b613a363a7b733a323a226964223b733a323a223131223b733a333a22717479223b643a313b733a353a227072696365223b643a33393030303b733a343a226e616d65223b733a31333a224e6f6b61204b6579636861696e223b733a353a22726f776964223b733a33323a223635313262643433643963616136653032633939306230613832363532646361223b733a383a22737562746f74616c223b643a33393030303b7d7d5154595f434152547c613a313a7b693a303b733a34353a227175616e746974795b36353132626434336439636161366530326339393062306138323635326463615d3c3e31223b7d5f74656d705f636f75706f6e7c4e3b5f74656d705f7175616e746974797c613a313a7b733a33323a223635313262643433643963616136653032633939306230613832363532646361223b733a313a2231223b7d),
('uj8uo31th30l51rik6thejgm97354h43', '::1', 1706176305, 0x5f5f63695f6c6173745f726567656e65726174657c693a313730363137363137363b7265646972656374696f6e7c733a36383a226148523063446f764c327876593246736147397a644339306232747658324a68616e55766157356b5a586775634768774c334e6f623341765932686c593274766458513d223b636172745f636f6e74656e74737c613a333a7b733a31303a22636172745f746f74616c223b643a33393030303b733a31313a22746f74616c5f6974656d73223b643a313b733a33323a223635313262643433643963616136653032633939306230613832363532646361223b613a363a7b733a323a226964223b733a323a223131223b733a333a22717479223b643a313b733a353a227072696365223b643a33393030303b733a343a226e616d65223b733a31333a224e6f6b61204b6579636861696e223b733a353a22726f776964223b733a33323a223635313262643433643963616136653032633939306230613832363532646361223b733a383a22737562746f74616c223b643a33393030303b7d7d5154595f434152547c613a313a7b693a303b733a34353a227175616e746974795b36353132626434336439636161366530326339393062306138323635326463615d3c3e31223b7d5f74656d705f636f75706f6e7c4e3b5f74656d705f7175616e746974797c613a313a7b733a33323a223635313262643433643963616136653032633939306230613832363532646361223b733a313a2231223b7d),
('5ahlujrom065bn9jbs54m09cu3ltdmgl', '127.0.0.1', 1706176245, 0x5f5f63695f6c6173745f726567656e65726174657c693a313730363137363234303b7265646972656374696f6e7c4e3b),
('mq5hle3if4095sdptiucrk5uvikkts57', '127.0.0.1', 1706184288, 0x5f5f63695f6c6173745f726567656e65726174657c693a313730363138343238373b7265646972656374696f6e7c4e3b),
('7m1u9338m5uakt2klps11gt8b8rgd8dh', '::1', 1706191409, 0x5f5f63695f6c6173745f726567656e65726174657c693a313730363139313430393b5f5f4143544956455f53455353494f4e5f444154417c733a3235363a2232366464303531343062383931303136653063343930383135623036663331613637396563393362653031313338333361343135653830333761343434316637373432313136646139613639653136643230666430303531356534393366336266396537396634306333663565643863303566306233663136366636646263644f48456e30416c4368526b626f7337674c56626a49767448426a5a444270774757446a362b5069786e336764766f532f52554973582f44482b3177313348326a6a477836366237514a5767727263464442476c6b7935455030332f615168664771454d695a423845794241422b5a344d4870487a4e3465303130795953714e4c223b),
('6chpiat09lj2e5djsi6i78t68bumuk46', '::1', 1706191654, 0x5f5f63695f6c6173745f726567656e65726174657c693a313730363139313430393b5f5f4143544956455f53455353494f4e5f444154417c733a3235363a2232366464303531343062383931303136653063343930383135623036663331613637396563393362653031313338333361343135653830333761343434316637373432313136646139613639653136643230666430303531356534393366336266396537396634306333663565643863303566306233663136366636646263644f48456e30416c4368526b626f7337674c56626a49767448426a5a444270774757446a362b5069786e336764766f532f52554973582f44482b3177313348326a6a477836366237514a5767727263464442476c6b7935455030332f615168664771454d695a423845794241422b5a344d4870487a4e3465303130795953714e4c223b7265646972656374696f6e7c733a36383a226148523063446f764c327876593246736147397a644339306232747658324a68616e55766157356b5a586775634768774c334e6f623341765932686c593274766458513d223b),
('uanab403dv5fhhdvuqtnv1bnoi2a1n5e', '::1', 1706235803, 0x5f5f63695f6c6173745f726567656e65726174657c693a313730363233353738393b7265646972656374696f6e7c4e3b5f5f4143544956455f53455353494f4e5f444154417c733a3235363a2231376163373836646639323662613564623530613162623264623534616365613137373634636662656163333065323530663337613637313765386361353237633066313262663231616239303866666433306563666530316164363938616635376362306263336465616531623864643235343338343365356663646463376331532b733279697871462f70735a3042637475574475366f4236315730754145425638686144344a62474748544b324a4f6f7a485273423637703046444f51746168594f4b4b6c59496d727479563553653453342f384444364e382f6f4a75552f3142574d492b4249664f64796143594c6646465459393368647344644434223b),
('kb5h7rhlsim77c8ok6gpkc3ku1j7j2a2', '127.0.0.1', 1706235825, 0x5f5f63695f6c6173745f726567656e65726174657c693a313730363233353831353b7265646972656374696f6e7c4e3b5f5f4143544956455f53455353494f4e5f444154417c733a3235363a226464656530356266626431616562616432663263623238633666343838623062316638613064333466336662376636333033383037656266653932303632633263623066373039616336326538333632353763303034303332653639333865313431376466346631643162656666313936386161363730613963326364343433736f49466f4952765a7853514a69726252676c4e376844347759794f714d775772684d4250737153386172533653504d76726852756f36747135696f745369306b676d786e74397068576e6234623739715072464a76496d65454c6d7731516a786f6b77486d773169487958384b555548427551584336685549717736756677223b),
('f7drr4nss80mpd7nhtgqcci5jfo489ka', '::1', 1706369083, 0x5f5f63695f6c6173745f726567656e65726174657c693a313730363336393038333b7265646972656374696f6e7c4e3b5f5f4143544956455f53455353494f4e5f444154417c733a3235363a22303437343231353761346538373661636334343162333666383338343838316565343636623530663333313633363930333732363166323064333937396664656362613239313136623266353465613030373731643732363432383433323638343239653332356464356333663339643938303230643764343764326265316255534664624b316446626b77645a5574702f6a702b64644f7a71324575636a486445584a5a44304561574548383348336a6a34364b2b2b6376334153715a6e452b6161675a6635697370456f37625432774359597845736e6e6e5539745a2b797a596c543466334c504f2f76484844703267524a5161555a6e6e476970673065223b),
('uup2cd6rime5gol0l6prhptimjrpks44', '127.0.0.1', 1706368860, 0x5f5f63695f6c6173745f726567656e65726174657c693a313730363336383834343b7265646972656374696f6e7c4e3b5f5f4143544956455f53455353494f4e5f444154417c733a3235363a22656333326365663061306664623965643331613064343832383731393731633064333735336431306532323439613464633561363036336338396262353566376466323166356135333930633631353536636232643365616563386633356266653532313338356164333163653831656332363964613066303762343837373468686b434a454767475671386b626b546c70484d636c3271785270685657554941474874736c502f43642b4c413831674e4a387a6168624f75557737316a4943336b2f505038586a416b4e2f3470714754573254364c395048794a5a396672543759754c79497150615a2b43585a38493347507071334a584766595933413064223b),
('iqmils2apv4od4qvec9suc1c43pti2cg', '::1', 1706369903, 0x5f5f63695f6c6173745f726567656e65726174657c693a313730363336393930333b7265646972656374696f6e7c4e3b5f5f4143544956455f53455353494f4e5f444154417c733a3235363a22303437343231353761346538373661636334343162333666383338343838316565343636623530663333313633363930333732363166323064333937396664656362613239313136623266353465613030373731643732363432383433323638343239653332356464356333663339643938303230643764343764326265316255534664624b316446626b77645a5574702f6a702b64644f7a71324575636a486445584a5a44304561574548383348336a6a34364b2b2b6376334153715a6e452b6161675a6635697370456f37625432774359597845736e6e6e5539745a2b797a596c543466334c504f2f76484844703267524a5161555a6e6e476970673065223b),
('h1l5g017u53p0vpi0ku9q397anhvjmbs', '::1', 1706370251, 0x5f5f63695f6c6173745f726567656e65726174657c693a313730363337303235313b7265646972656374696f6e7c4e3b5f5f4143544956455f53455353494f4e5f444154417c733a3235363a22303437343231353761346538373661636334343162333666383338343838316565343636623530663333313633363930333732363166323064333937396664656362613239313136623266353465613030373731643732363432383433323638343239653332356464356333663339643938303230643764343764326265316255534664624b316446626b77645a5574702f6a702b64644f7a71324575636a486445584a5a44304561574548383348336a6a34364b2b2b6376334153715a6e452b6161675a6635697370456f37625432774359597845736e6e6e5539745a2b797a596c543466334c504f2f76484844703267524a5161555a6e6e476970673065223b),
('3g3faj8480u0fdvivv004floo7v5ovdj', '::1', 1706373940, 0x5f5f63695f6c6173745f726567656e65726174657c693a313730363337333934303b7265646972656374696f6e7c4e3b5f5f4143544956455f53455353494f4e5f444154417c733a3235363a22303437343231353761346538373661636334343162333666383338343838316565343636623530663333313633363930333732363166323064333937396664656362613239313136623266353465613030373731643732363432383433323638343239653332356464356333663339643938303230643764343764326265316255534664624b316446626b77645a5574702f6a702b64644f7a71324575636a486445584a5a44304561574548383348336a6a34364b2b2b6376334153715a6e452b6161675a6635697370456f37625432774359597845736e6e6e5539745a2b797a596c543466334c504f2f76484844703267524a5161555a6e6e476970673065223b),
('qksv1d3mchua25h35bp17774hkbgpvn3', '::1', 1706374371, 0x5f5f63695f6c6173745f726567656e65726174657c693a313730363337343337313b7265646972656374696f6e7c4e3b5f5f4143544956455f53455353494f4e5f444154417c733a3235363a2266323737376363373061373836643532306231626134336361356463653032623730313965346431326239666331343832656361613730323835313530323130343431356531336536303932393036316363396530636665653163356532343064373664393032643134613630666234373165366662363934373639393261613941504b5338317262474d4e636e634c7036376942427735322b477a575a56414b69507a796a566869466f694d435964646d38787462524d4f6258584d68346a6b63652b746f39495769486b6359726e567247475a76384a6647696257466a5363486a5a716c327a6b706b6a59762b426332365a2b5342672b5a6a714a722b4d223b),
('r4ijlkoefa2rsnmuopppn0oeh6q3pf6a', '::1', 1706374676, 0x5f5f63695f6c6173745f726567656e65726174657c693a313730363337343637363b7265646972656374696f6e7c4e3b5f5f4143544956455f53455353494f4e5f444154417c733a3235363a2266323737376363373061373836643532306231626134336361356463653032623730313965346431326239666331343832656361613730323835313530323130343431356531336536303932393036316363396530636665653163356532343064373664393032643134613630666234373165366662363934373639393261613941504b5338317262474d4e636e634c7036376942427735322b477a575a56414b69507a796a566869466f694d435964646d38787462524d4f6258584d68346a6b63652b746f39495769486b6359726e567247475a76384a6647696257466a5363486a5a716c327a6b706b6a59762b426332365a2b5342672b5a6a714a722b4d223b),
('2q8nbklp8lo9t7r3o0950b4c3i2ipa98', '::1', 1706374707, 0x5f5f63695f6c6173745f726567656e65726174657c693a313730363337343637363b7265646972656374696f6e7c4e3b5f5f4143544956455f53455353494f4e5f444154417c733a3235363a2266323737376363373061373836643532306231626134336361356463653032623730313965346431326239666331343832656361613730323835313530323130343431356531336536303932393036316363396530636665653163356532343064373664393032643134613630666234373165366662363934373639393261613941504b5338317262474d4e636e634c7036376942427735322b477a575a56414b69507a796a566869466f694d435964646d38787462524d4f6258584d68346a6b63652b746f39495769486b6359726e567247475a76384a6647696257466a5363486a5a716c327a6b706b6a59762b426332365a2b5342672b5a6a714a722b4d223b),
('vabgvr1ffsffi9q5d1e3s7k7qolegggo', '::1', 1706609805, 0x5f5f63695f6c6173745f726567656e65726174657c693a313730363630393830353b7265646972656374696f6e7c4e3b5f5f4143544956455f53455353494f4e5f444154417c733a3235363a22653736663165626437646361306630643765653937356434333032386336666566303165643933666333333437396435623661653036316334386635306663303932623432646461613835663635633934623265626463303764313266636336616639626232383538643932356538363465666231396138643735323138623353626d56445a5866724563306145685a33457a4f2b714c32514a384866544555685a79756e426e396c6c37567038706e33432f486a635236636e354854345a667a7545676c7677486f7949676b79566e2b79746c657a55682b2b346d4655665a427a6136702b6b6e5834434b734f6b7647705061583150644e49484e7a535777223b5154595f434152547c613a313a7b693a303b733a34353a227175616e746974795b63323061643464373666653937373539616132376130633939626666363731305d3c3e31223b7d),
('api8logf5omv5r4tnbootv7i3g1i2a67', '::1', 1706609711, 0x5f5f63695f6c6173745f726567656e65726174657c693a313730363630393536333b),
('kgorlo4bq4j6efnsob62oekjmrdgk999', '127.0.0.1', 1706609848, 0x5f5f63695f6c6173745f726567656e65726174657c693a313730363630393735313b7265646972656374696f6e7c4e3b5f5f4143544956455f53455353494f4e5f444154417c733a3235363a2237356133613433666463386538323664393962393131303861656130356462636633623133613463343830666361383933636535636639366235306530373563663331376262316133373865316564633938363438363266646236353764666137383166373536633237323336656631656235663834323536663166643463372b6a7347544d4456594b6c6a2f4c7836453947764b653442593341646334615341784f6d48536c5442414c565241636b7147632f4354376e59426f31596b304a7350365475744c66503372744c76586a5a42757357685752654e565175355454696f35566f33554450372f7431794a57356c2f52543051726549743564693337223b6f726465725f666c6173687c733a32363a2253746174757320626572686173696c2064697065726261727569223b5f5f63695f766172737c613a313a7b733a31313a226f726465725f666c617368223b733a333a226f6c64223b7d),
('iu1mnk2uio79v7aa6ebckb3pvdt6h2fe', '::1', 1706609979, 0x5f5f63695f6c6173745f726567656e65726174657c693a313730363630393830353b7265646972656374696f6e7c4e3b5f5f4143544956455f53455353494f4e5f444154417c733a3235363a22653736663165626437646361306630643765653937356434333032386336666566303165643933666333333437396435623661653036316334386635306663303932623432646461613835663635633934623265626463303764313266636336616639626232383538643932356538363465666231396138643735323138623353626d56445a5866724563306145685a33457a4f2b714c32514a384866544555685a79756e426e396c6c37567038706e33432f486a635236636e354854345a667a7545676c7677486f7949676b79566e2b79746c657a55682b2b346d4655665a427a6136702b6b6e5834434b734f6b7647705061583150644e49484e7a535777223b5154595f434152547c613a323a7b693a303b733a34353a227175616e746974795b36353132626434336439636161366530326339393062306138323635326463615d3c3e31223b693a313b733a34353a227175616e746974795b63373464393762303165616532353765343461613964356261646539376261665d3c3e31223b7d636172745f636f6e74656e74737c613a343a7b733a31303a22636172745f746f74616c223b643a3138383030303b733a31313a22746f74616c5f6974656d73223b643a323b733a33323a223635313262643433643963616136653032633939306230613832363532646361223b613a363a7b733a323a226964223b733a323a223131223b733a333a22717479223b643a313b733a353a227072696365223b643a33393030303b733a343a226e616d65223b733a31333a224e6f6b61204b6579636861696e223b733a353a22726f776964223b733a33323a223635313262643433643963616136653032633939306230613832363532646361223b733a383a22737562746f74616c223b643a33393030303b7d733a33323a226337346439376230316561653235376534346161396435626164653937626166223b613a363a7b733a323a226964223b733a323a223136223b733a333a22717479223b643a313b733a353a227072696365223b643a3134393030303b733a343a226e616d65223b733a34373a2241696b6f204f76657273697a65205374726970657320547368697274202d20447573747920526f7365205075746968223b733a353a22726f776964223b733a33323a226337346439376230316561653235376534346161396435626164653937626166223b733a383a22737562746f74616c223b643a3134393030303b7d7d),
('bn87b8rm9saodl346b137gikcf4kjobe', '::1', 1706699427, 0x5f5f63695f6c6173745f726567656e65726174657c693a313730363639393432373b636172745f636f6e74656e74737c613a333a7b733a31303a22636172745f746f74616c223b643a37383030303b733a31313a22746f74616c5f6974656d73223b643a323b733a33323a223635313262643433643963616136653032633939306230613832363532646361223b613a363a7b733a323a226964223b733a323a223131223b733a333a22717479223b643a323b733a353a227072696365223b643a33393030303b733a343a226e616d65223b733a31333a224e6f6b61204b6579636861696e223b733a353a22726f776964223b733a33323a223635313262643433643963616136653032633939306230613832363532646361223b733a383a22737562746f74616c223b643a37383030303b7d7d5154595f434152547c613a313a7b693a303b733a34353a227175616e746974795b36353132626434336439636161366530326339393062306138323635326463615d3c3e32223b7d5f5f4143544956455f53455353494f4e5f444154417c733a3235363a223862646336653230383463636538626131363333613262643339363737626432323363373564633464383765393837653563383330663138643634323631646336383631333436386638613336613138646636306463343230316637633537313130363239373039623564633639333265646133383063616330346665376338634b70586b5538684275483735516848766c64726d366e3276596b706469446147516950375752316e5532514b66364e4f30316748744f706c4439314b783630434138707344583637334b706d486b7a4b454f5668543433335a4f6f737137796f436f3951506d4645495a373273457731755845386a6d5a574767584a454930223b6f726465725f7175616e746974797c613a313a7b693a31313b613a323a7b733a333a22717479223b643a323b733a353a227072696365223b643a33393030303b7d7d746f74616c5f70726963657c643a37383030303b),
('egb2flvav70r9ldcc3ktdahegsfloukm', '127.0.0.1', 1706699560, 0x5f5f63695f6c6173745f726567656e65726174657c693a313730363639393331393b7265646972656374696f6e7c4e3b5f5f4143544956455f53455353494f4e5f444154417c733a3235363a2239383031613037303036356466643762333461626466393033306461663531383539336664396234316538343936316234356165633132343062343065313565643333316533383934306231386332366162356465623030363634636137663236373562636566626562653862316637303562643131633038393530393661336151506e673845616a3358537554374e7573544279376b7a457565656b755a72386936516779397641662b366f574d654b635377762b7a734a6c63352f3579327866332b2b614646464a4d6f7742574e723252796f5a325242546a6c736f52364c74476b4f6b724c7851432f41736f3352336232483377412f41356576557474223b),
('82uhvdipbthtetvkur8o76gtrsgb2rch', '::1', 1706699624, 0x5f5f63695f6c6173745f726567656e65726174657c693a313730363639393432373b636172745f636f6e74656e74737c613a333a7b733a31303a22636172745f746f74616c223b643a37383030303b733a31313a22746f74616c5f6974656d73223b643a323b733a33323a223635313262643433643963616136653032633939306230613832363532646361223b613a363a7b733a323a226964223b733a323a223131223b733a333a22717479223b643a323b733a353a227072696365223b643a33393030303b733a343a226e616d65223b733a31333a224e6f6b61204b6579636861696e223b733a353a22726f776964223b733a33323a223635313262643433643963616136653032633939306230613832363532646361223b733a383a22737562746f74616c223b643a37383030303b7d7d5154595f434152547c613a313a7b693a303b733a34353a227175616e746974795b36353132626434336439636161366530326339393062306138323635326463615d3c3e32223b7d5f5f4143544956455f53455353494f4e5f444154417c733a3235363a223862646336653230383463636538626131363333613262643339363737626432323363373564633464383765393837653563383330663138643634323631646336383631333436386638613336613138646636306463343230316637633537313130363239373039623564633639333265646133383063616330346665376338634b70586b5538684275483735516848766c64726d366e3276596b706469446147516950375752316e5532514b66364e4f30316748744f706c4439314b783630434138707344583637334b706d486b7a4b454f5668543433335a4f6f737137796f436f3951506d4645495a373273457731755845386a6d5a574767584a454930223b6f726465725f7175616e746974797c613a313a7b693a31313b613a323a7b733a333a22717479223b643a323b733a353a227072696365223b643a33393030303b7d7d746f74616c5f70726963657c643a37383030303b),
('kq9f1hqigr55096gra8ngnk3letr2gkr', '::1', 1706809098, 0x5f5f63695f6c6173745f726567656e65726174657c693a313730363830393039383b7265646972656374696f6e7c4e3b5f5f4143544956455f53455353494f4e5f444154417c733a3235363a2263393439353263346532386339616264303161333365353039303336663763333963613031663163393235626139343437616639613235336530326461613130323165376366373963303531633137336632346638336266386439366163373138306431633063393231653661313336383730666136653837613261313831644d6779516d67437176756d3876385570366f45563577504e3954616c355a6256337277497a776a36486348546f4c6d346a6774626c4b464d37412b753263326b345a616f6d754e792f75456e4f685235336457657731547351412b46326a49527079777a736851416b6b76494c726f3474716c385448494c4570724d6d4d6138223b5154595f434152547c613a313a7b693a303b733a34353a227175616e746974795b37306566646632656339623038363037393739356334343236333662353566625d3c3e31223b7d6f726465725f666c6173687c733a32363a224f7264657220626572686173696c20646974616d6261686b616e223b5f5f63695f766172737c613a313a7b733a31313a226f726465725f666c617368223b733a333a226f6c64223b7d),
('jer8gdlf6jelck0peuh2kjmoa6emptrv', '::1', 1706811128, 0x5f5f63695f6c6173745f726567656e65726174657c693a313730363831313132383b7265646972656374696f6e7c4e3b5f5f4143544956455f53455353494f4e5f444154417c733a3235363a2263393439353263346532386339616264303161333365353039303336663763333963613031663163393235626139343437616639613235336530326461613130323165376366373963303531633137336632346638336266386439366163373138306431633063393231653661313336383730666136653837613261313831644d6779516d67437176756d3876385570366f45563577504e3954616c355a6256337277497a776a36486348546f4c6d346a6774626c4b464d37412b753263326b345a616f6d754e792f75456e4f685235336457657731547351412b46326a49527079777a736851416b6b76494c726f3474716c385448494c4570724d6d4d6138223b5154595f434152547c613a313a7b693a303b733a34353a227175616e746974795b37306566646632656339623038363037393739356334343236333662353566625d3c3e31223b7d),
('0m7od4hqpvahtfpuus30jsl3nac0m30d', '::1', 1706809281, 0x5f5f63695f6c6173745f726567656e65726174657c693a313730363830393132303b),
('cn4j59b2ftd9reeukvn9vhdj3bb4l07r', '::1', 1706811402, 0x5f5f63695f6c6173745f726567656e65726174657c693a313730363831313132383b7265646972656374696f6e7c4e3b5f5f4143544956455f53455353494f4e5f444154417c733a3235363a2263393439353263346532386339616264303161333365353039303336663763333963613031663163393235626139343437616639613235336530326461613130323165376366373963303531633137336632346638336266386439366163373138306431633063393231653661313336383730666136653837613261313831644d6779516d67437176756d3876385570366f45563577504e3954616c355a6256337277497a776a36486348546f4c6d346a6774626c4b464d37412b753263326b345a616f6d754e792f75456e4f685235336457657731547351412b46326a49527079777a736851416b6b76494c726f3474716c385448494c4570724d6d4d6138223b5154595f434152547c613a313a7b693a303b733a34353a227175616e746974795b36353132626434336439636161366530326339393062306138323635326463615d3c3e31223b7d),
('va46tiks1q3klkd1bh3t7ig0r946hoe9', '127.0.0.1', 1706811262, 0x5f5f63695f6c6173745f726567656e65726174657c693a313730363831313137303b7265646972656374696f6e7c4e3b5f5f4143544956455f53455353494f4e5f444154417c733a3235363a2265646234343037313563623935323431626665323166353038323933333034333136646130343033316431613962653734373738663632633937646461653136303833393164373232366365663461326666313636333539386637393566333034313962326435373665323339626233383431383332336338383136656266326c66777047484639697254534a354b557a42484277792f32596e6a66387067705556665278456d386f6c595573583971706b435a5179436f54506e314175354b6f31574452393534617253446178466352653471446f626f77526e6e6366304c546c45717839715746384b4537464a5a654d623764434a6b306b6c76484d7934223b),
('6s8od0u19lv20qubbohmlqr47l8u0ott', '::1', 1707130226, 0x5f5f63695f6c6173745f726567656e65726174657c693a313730373133303232363b7265646972656374696f6e7c4e3b5f5f4143544956455f53455353494f4e5f444154417c733a3235363a22653635316439393863333063373631303464303365633433366530346266356231626366353938653735616665356239393433383535386536666634626632326234663165653739616163663263633231306235653566343734336231373565643632386264343464383661643130666532653233386563356636656534353368334835595568374e734a652b423350436e307246622f384875647145354e767838704a553543324f38565568792f6b44594236394365416e56426a487774424c715030785770636a7a4e55367278706e2f2b7236677534466e45705449596138314271584c6a3579424936526550716472684771743268774e335531647450223b),
('kpn5uagt7g9h3bolvi1dujhcvk8me878', '127.0.0.1', 1707130158, 0x5f5f63695f6c6173745f726567656e65726174657c693a313730373133303135383b7265646972656374696f6e7c4e3b5f5f4143544956455f53455353494f4e5f444154417c733a3235363a2236653265343130366134313363316662613638346161383763306166343733353237323364653235356232386537333565633133633930383563356565343833346366353837666463623564653861613032396535323036343839613264336631326664323865343164653961373764636636393935666334636363376462356364486e736d6f693853496443474b68566b767333696b777843684d782f38594b744968684246465178666e384e47416239725737715a2f51464d676151774e6674784976495868706d6849736b524f49655050664f6674623764666834424a456e6c66416c32456a7735693673396765304b73444630727450513450433747223b),
('od5gj27459gqvrtnts4i5qru5c7jb9j4', '127.0.0.1', 1707130506, 0x5f5f63695f6c6173745f726567656e65726174657c693a313730373133303530363b7265646972656374696f6e7c4e3b5f5f4143544956455f53455353494f4e5f444154417c733a3235363a2236653265343130366134313363316662613638346161383763306166343733353237323364653235356232386537333565633133633930383563356565343833346366353837666463623564653861613032396535323036343839613264336631326664323865343164653961373764636636393935666334636363376462356364486e736d6f693853496443474b68566b767333696b777843684d782f38594b744968684246465178666e384e47416239725737715a2f51464d676151774e6674784976495868706d6849736b524f49655050664f6674623764666834424a456e6c66416c32456a7735693673396765304b73444630727450513450433747223b),
('4qlrer6cdqhqbe5ts3dlnvan8v5kgjia', '::1', 1707130536, 0x5f5f63695f6c6173745f726567656e65726174657c693a313730373133303533363b7265646972656374696f6e7c4e3b636172745f636f6e74656e74737c613a393a7b733a31303a22636172745f746f74616c223b643a3731333030303b733a31313a22746f74616c5f6974656d73223b643a373b733a33323a226332306164346437366665393737353961613237613063393962666636373130223b613a363a7b733a323a226964223b733a323a223132223b733a333a22717479223b643a313b733a353a227072696365223b643a33393030303b733a343a226e616d65223b733a31323a2241696b6f204b65796368616e223b733a353a22726f776964223b733a33323a226332306164346437366665393737353961613237613063393962666636373130223b733a383a22737562746f74616c223b643a33393030303b7d733a33323a223635313262643433643963616136653032633939306230613832363532646361223b613a363a7b733a323a226964223b733a323a223131223b733a333a22717479223b643a313b733a353a227072696365223b643a33393030303b733a343a226e616d65223b733a31333a224e6f6b61204b6579636861696e223b733a353a22726f776964223b733a33323a223635313262643433643963616136653032633939306230613832363532646361223b733a383a22737562746f74616c223b643a33393030303b7d733a33323a226335316365343130633132346131306530646235653462393766633261663339223b613a363a7b733a323a226964223b733a323a223133223b733a333a22717479223b643a313b733a353a227072696365223b643a33393030303b733a343a226e616d65223b733a31333a22546f6e61204b6579636861696e223b733a353a22726f776964223b733a33323a226335316365343130633132346131306530646235653462393766633261663339223b733a383a22737562746f74616c223b643a33393030303b7d733a33323a226161623332333839323262636332356136663630366562353235666664633536223b613a363a7b733a323a226964223b733a323a223134223b733a333a22717479223b643a313b733a353a227072696365223b643a3134393030303b733a343a226e616d65223b733a34323a224e6f6b61204f76657273697a65205374726970657320547368697274202d204265696765205075746968223b733a353a22726f776964223b733a33323a226161623332333839323262636332356136663630366562353235666664633536223b733a383a22737562746f74616c223b643a3134393030303b7d733a33323a223962663331633766663036323933366139366433633862643166386632666633223b613a363a7b733a323a226964223b733a323a223135223b733a333a22717479223b643a313b733a353a227072696365223b643a3134393030303b733a343a226e616d65223b733a34363a22546f6e61204f76657273697a65205374726970657320547368697274202d20416275204d69737479205075746968223b733a353a22726f776964223b733a33323a223962663331633766663036323933366139366433633862643166386632666633223b733a383a22737562746f74616c223b643a3134393030303b7d733a33323a226337346439376230316561653235376534346161396435626164653937626166223b613a363a7b733a323a226964223b733a323a223136223b733a333a22717479223b643a313b733a353a227072696365223b643a3134393030303b733a343a226e616d65223b733a34373a2241696b6f204f76657273697a65205374726970657320547368697274202d20447573747920526f7365205075746968223b733a353a22726f776964223b733a33323a226337346439376230316561653235376534346161396435626164653937626166223b733a383a22737562746f74616c223b643a3134393030303b7d733a33323a223730656664663265633962303836303739373935633434323633366235356662223b613a363a7b733a323a226964223b733a323a223137223b733a333a22717479223b643a313b733a353a227072696365223b643a3134393030303b733a343a226e616d65223b733a32383a224e6f6b61204f76657273697a6520547368697274202d20437265616d223b733a353a22726f776964223b733a33323a223730656664663265633962303836303739373935633434323633366235356662223b733a383a22737562746f74616c223b643a3134393030303b7d7d5154595f434152547c613a373a7b693a303b733a34353a227175616e746974795b63323061643464373666653937373539616132376130633939626666363731305d3c3e31223b693a313b733a34353a227175616e746974795b36353132626434336439636161366530326339393062306138323635326463615d3c3e31223b693a323b733a34353a227175616e746974795b63353163653431306331323461313065306462356534623937666332616633395d3c3e31223b693a333b733a34353a227175616e746974795b61616233323338393232626363323561366636303665623532356666646335365d3c3e31223b693a343b733a34353a227175616e746974795b39626633316337666630363239333661393664336338626431663866326666335d3c3e31223b693a353b733a34353a227175616e746974795b63373464393762303165616532353765343461613964356261646539376261665d3c3e31223b693a363b733a34353a227175616e746974795b37306566646632656339623038363037393739356334343236333662353566625d3c3e31223b7d5f5f4143544956455f53455353494f4e5f444154417c733a3235363a22346432373530356664326334313061633432643733633030396437346237336634306164663966386639653066393863666131663332313964346261303264336162363837343064613534346566333666363732306164353365623164336661333132336237616635306437613438633765643634666264626633663362643874364144787045574b624b464e4a364c41546552435a575858784954454d78354e7850556b716b5149316e58454b64756f4a7252536273646c4f71336a47682b4565495559736d594e565157764e7a6b763858536646536262725a772b7a6162394934395935492f487337574a524877614d6367575a704f2b2f4a3835724d4b223b),
('uv00sm4ishorvf8ujdd4moeggi9i6c0k', '127.0.0.1', 1707130527, 0x5f5f63695f6c6173745f726567656e65726174657c693a313730373133303530363b7265646972656374696f6e7c4e3b5f5f4143544956455f53455353494f4e5f444154417c733a3235363a2236653265343130366134313363316662613638346161383763306166343733353237323364653235356232386537333565633133633930383563356565343833346366353837666463623564653861613032396535323036343839613264336631326664323865343164653961373764636636393935666334636363376462356364486e736d6f693853496443474b68566b767333696b777843684d782f38594b744968684246465178666e384e47416239725737715a2f51464d676151774e6674784976495868706d6849736b524f49655050664f6674623764666834424a456e6c66416c32456a7735693673396765304b73444630727450513450433747223b636172745f636f6e74656e74737c613a333a7b733a31303a22636172745f746f74616c223b643a33393030303b733a31313a22746f74616c5f6974656d73223b643a313b733a33323a226332306164346437366665393737353961613237613063393962666636373130223b613a363a7b733a323a226964223b733a323a223132223b733a333a22717479223b643a313b733a353a227072696365223b643a33393030303b733a343a226e616d65223b733a31323a2241696b6f204b65796368616e223b733a353a22726f776964223b733a33323a226332306164346437366665393737353961613237613063393962666636373130223b733a383a22737562746f74616c223b643a33393030303b7d7d5154595f434152547c613a313a7b693a303b733a34353a227175616e746974795b63323061643464373666653937373539616132376130633939626666363731305d3c3e31223b7d);
INSERT INTO `ci_sessions` (`id`, `ip_address`, `timestamp`, `data`) VALUES
('vqebpubfu5pbut0otdlfo0dfumjrot9q', '::1', 1707130864, 0x5f5f63695f6c6173745f726567656e65726174657c693a313730373133303836343b7265646972656374696f6e7c4e3b636172745f636f6e74656e74737c613a393a7b733a31303a22636172745f746f74616c223b643a3731333030303b733a31313a22746f74616c5f6974656d73223b643a373b733a33323a226332306164346437366665393737353961613237613063393962666636373130223b613a363a7b733a323a226964223b733a323a223132223b733a333a22717479223b643a313b733a353a227072696365223b643a33393030303b733a343a226e616d65223b733a31323a2241696b6f204b65796368616e223b733a353a22726f776964223b733a33323a226332306164346437366665393737353961613237613063393962666636373130223b733a383a22737562746f74616c223b643a33393030303b7d733a33323a223635313262643433643963616136653032633939306230613832363532646361223b613a363a7b733a323a226964223b733a323a223131223b733a333a22717479223b643a313b733a353a227072696365223b643a33393030303b733a343a226e616d65223b733a31333a224e6f6b61204b6579636861696e223b733a353a22726f776964223b733a33323a223635313262643433643963616136653032633939306230613832363532646361223b733a383a22737562746f74616c223b643a33393030303b7d733a33323a226335316365343130633132346131306530646235653462393766633261663339223b613a363a7b733a323a226964223b733a323a223133223b733a333a22717479223b643a313b733a353a227072696365223b643a33393030303b733a343a226e616d65223b733a31333a22546f6e61204b6579636861696e223b733a353a22726f776964223b733a33323a226335316365343130633132346131306530646235653462393766633261663339223b733a383a22737562746f74616c223b643a33393030303b7d733a33323a226161623332333839323262636332356136663630366562353235666664633536223b613a363a7b733a323a226964223b733a323a223134223b733a333a22717479223b643a313b733a353a227072696365223b643a3134393030303b733a343a226e616d65223b733a34323a224e6f6b61204f76657273697a65205374726970657320547368697274202d204265696765205075746968223b733a353a22726f776964223b733a33323a226161623332333839323262636332356136663630366562353235666664633536223b733a383a22737562746f74616c223b643a3134393030303b7d733a33323a223962663331633766663036323933366139366433633862643166386632666633223b613a363a7b733a323a226964223b733a323a223135223b733a333a22717479223b643a313b733a353a227072696365223b643a3134393030303b733a343a226e616d65223b733a34363a22546f6e61204f76657273697a65205374726970657320547368697274202d20416275204d69737479205075746968223b733a353a22726f776964223b733a33323a223962663331633766663036323933366139366433633862643166386632666633223b733a383a22737562746f74616c223b643a3134393030303b7d733a33323a226337346439376230316561653235376534346161396435626164653937626166223b613a363a7b733a323a226964223b733a323a223136223b733a333a22717479223b643a313b733a353a227072696365223b643a3134393030303b733a343a226e616d65223b733a34373a2241696b6f204f76657273697a65205374726970657320547368697274202d20447573747920526f7365205075746968223b733a353a22726f776964223b733a33323a226337346439376230316561653235376534346161396435626164653937626166223b733a383a22737562746f74616c223b643a3134393030303b7d733a33323a223730656664663265633962303836303739373935633434323633366235356662223b613a363a7b733a323a226964223b733a323a223137223b733a333a22717479223b643a313b733a353a227072696365223b643a3134393030303b733a343a226e616d65223b733a32383a224e6f6b61204f76657273697a6520547368697274202d20437265616d223b733a353a22726f776964223b733a33323a223730656664663265633962303836303739373935633434323633366235356662223b733a383a22737562746f74616c223b643a3134393030303b7d7d5154595f434152547c613a373a7b693a303b733a34353a227175616e746974795b63323061643464373666653937373539616132376130633939626666363731305d3c3e31223b693a313b733a34353a227175616e746974795b36353132626434336439636161366530326339393062306138323635326463615d3c3e31223b693a323b733a34353a227175616e746974795b63353163653431306331323461313065306462356534623937666332616633395d3c3e31223b693a333b733a34353a227175616e746974795b61616233323338393232626363323561366636303665623532356666646335365d3c3e31223b693a343b733a34353a227175616e746974795b39626633316337666630363239333661393664336338626431663866326666335d3c3e31223b693a353b733a34353a227175616e746974795b63373464393762303165616532353765343461613964356261646539376261665d3c3e31223b693a363b733a34353a227175616e746974795b37306566646632656339623038363037393739356334343236333662353566625d3c3e31223b7d5f5f4143544956455f53455353494f4e5f444154417c733a3235363a22346432373530356664326334313061633432643733633030396437346237336634306164663966386639653066393863666131663332313964346261303264336162363837343064613534346566333666363732306164353365623164336661333132336237616635306437613438633765643634666264626633663362643874364144787045574b624b464e4a364c41546552435a575858784954454d78354e7850556b716b5149316e58454b64756f4a7252536273646c4f71336a47682b4565495559736d594e565157764e7a6b763858536646536262725a772b7a6162394934395935492f487337574a524877614d6367575a704f2b2f4a3835724d4b223b),
('10ono6fm66plhbjbaiklqria9mn2sdqa', '::1', 1707131179, 0x5f5f63695f6c6173745f726567656e65726174657c693a313730373133313137393b7265646972656374696f6e7c4e3b636172745f636f6e74656e74737c613a393a7b733a31303a22636172745f746f74616c223b643a3731333030303b733a31313a22746f74616c5f6974656d73223b643a373b733a33323a226332306164346437366665393737353961613237613063393962666636373130223b613a363a7b733a323a226964223b733a323a223132223b733a333a22717479223b643a313b733a353a227072696365223b643a33393030303b733a343a226e616d65223b733a31323a2241696b6f204b65796368616e223b733a353a22726f776964223b733a33323a226332306164346437366665393737353961613237613063393962666636373130223b733a383a22737562746f74616c223b643a33393030303b7d733a33323a223635313262643433643963616136653032633939306230613832363532646361223b613a363a7b733a323a226964223b733a323a223131223b733a333a22717479223b643a313b733a353a227072696365223b643a33393030303b733a343a226e616d65223b733a31333a224e6f6b61204b6579636861696e223b733a353a22726f776964223b733a33323a223635313262643433643963616136653032633939306230613832363532646361223b733a383a22737562746f74616c223b643a33393030303b7d733a33323a226335316365343130633132346131306530646235653462393766633261663339223b613a363a7b733a323a226964223b733a323a223133223b733a333a22717479223b643a313b733a353a227072696365223b643a33393030303b733a343a226e616d65223b733a31333a22546f6e61204b6579636861696e223b733a353a22726f776964223b733a33323a226335316365343130633132346131306530646235653462393766633261663339223b733a383a22737562746f74616c223b643a33393030303b7d733a33323a226161623332333839323262636332356136663630366562353235666664633536223b613a363a7b733a323a226964223b733a323a223134223b733a333a22717479223b643a313b733a353a227072696365223b643a3134393030303b733a343a226e616d65223b733a34323a224e6f6b61204f76657273697a65205374726970657320547368697274202d204265696765205075746968223b733a353a22726f776964223b733a33323a226161623332333839323262636332356136663630366562353235666664633536223b733a383a22737562746f74616c223b643a3134393030303b7d733a33323a223962663331633766663036323933366139366433633862643166386632666633223b613a363a7b733a323a226964223b733a323a223135223b733a333a22717479223b643a313b733a353a227072696365223b643a3134393030303b733a343a226e616d65223b733a34363a22546f6e61204f76657273697a65205374726970657320547368697274202d20416275204d69737479205075746968223b733a353a22726f776964223b733a33323a223962663331633766663036323933366139366433633862643166386632666633223b733a383a22737562746f74616c223b643a3134393030303b7d733a33323a226337346439376230316561653235376534346161396435626164653937626166223b613a363a7b733a323a226964223b733a323a223136223b733a333a22717479223b643a313b733a353a227072696365223b643a3134393030303b733a343a226e616d65223b733a34373a2241696b6f204f76657273697a65205374726970657320547368697274202d20447573747920526f7365205075746968223b733a353a22726f776964223b733a33323a226337346439376230316561653235376534346161396435626164653937626166223b733a383a22737562746f74616c223b643a3134393030303b7d733a33323a223730656664663265633962303836303739373935633434323633366235356662223b613a363a7b733a323a226964223b733a323a223137223b733a333a22717479223b643a313b733a353a227072696365223b643a3134393030303b733a343a226e616d65223b733a32383a224e6f6b61204f76657273697a6520547368697274202d20437265616d223b733a353a22726f776964223b733a33323a223730656664663265633962303836303739373935633434323633366235356662223b733a383a22737562746f74616c223b643a3134393030303b7d7d5154595f434152547c613a373a7b693a303b733a34353a227175616e746974795b63323061643464373666653937373539616132376130633939626666363731305d3c3e31223b693a313b733a34353a227175616e746974795b36353132626434336439636161366530326339393062306138323635326463615d3c3e31223b693a323b733a34353a227175616e746974795b63353163653431306331323461313065306462356534623937666332616633395d3c3e31223b693a333b733a34353a227175616e746974795b61616233323338393232626363323561366636303665623532356666646335365d3c3e31223b693a343b733a34353a227175616e746974795b39626633316337666630363239333661393664336338626431663866326666335d3c3e31223b693a353b733a34353a227175616e746974795b63373464393762303165616532353765343461613964356261646539376261665d3c3e31223b693a363b733a34353a227175616e746974795b37306566646632656339623038363037393739356334343236333662353566625d3c3e31223b7d5f5f4143544956455f53455353494f4e5f444154417c733a3235363a22346432373530356664326334313061633432643733633030396437346237336634306164663966386639653066393863666131663332313964346261303264336162363837343064613534346566333666363732306164353365623164336661333132336237616635306437613438633765643634666264626633663362643874364144787045574b624b464e4a364c41546552435a575858784954454d78354e7850556b716b5149316e58454b64756f4a7252536273646c4f71336a47682b4565495559736d594e565157764e7a6b763858536646536262725a772b7a6162394934395935492f487337574a524877614d6367575a704f2b2f4a3835724d4b223b),
('991h4n92ul2ofai48ei5q2h6nkmeshjq', '::1', 1707131335, 0x5f5f63695f6c6173745f726567656e65726174657c693a313730373133313137393b7265646972656374696f6e7c4e3b636172745f636f6e74656e74737c613a393a7b733a31303a22636172745f746f74616c223b643a3731333030303b733a31313a22746f74616c5f6974656d73223b643a373b733a33323a226332306164346437366665393737353961613237613063393962666636373130223b613a363a7b733a323a226964223b733a323a223132223b733a333a22717479223b643a313b733a353a227072696365223b643a33393030303b733a343a226e616d65223b733a31323a2241696b6f204b65796368616e223b733a353a22726f776964223b733a33323a226332306164346437366665393737353961613237613063393962666636373130223b733a383a22737562746f74616c223b643a33393030303b7d733a33323a223635313262643433643963616136653032633939306230613832363532646361223b613a363a7b733a323a226964223b733a323a223131223b733a333a22717479223b643a313b733a353a227072696365223b643a33393030303b733a343a226e616d65223b733a31333a224e6f6b61204b6579636861696e223b733a353a22726f776964223b733a33323a223635313262643433643963616136653032633939306230613832363532646361223b733a383a22737562746f74616c223b643a33393030303b7d733a33323a226335316365343130633132346131306530646235653462393766633261663339223b613a363a7b733a323a226964223b733a323a223133223b733a333a22717479223b643a313b733a353a227072696365223b643a33393030303b733a343a226e616d65223b733a31333a22546f6e61204b6579636861696e223b733a353a22726f776964223b733a33323a226335316365343130633132346131306530646235653462393766633261663339223b733a383a22737562746f74616c223b643a33393030303b7d733a33323a226161623332333839323262636332356136663630366562353235666664633536223b613a363a7b733a323a226964223b733a323a223134223b733a333a22717479223b643a313b733a353a227072696365223b643a3134393030303b733a343a226e616d65223b733a34323a224e6f6b61204f76657273697a65205374726970657320547368697274202d204265696765205075746968223b733a353a22726f776964223b733a33323a226161623332333839323262636332356136663630366562353235666664633536223b733a383a22737562746f74616c223b643a3134393030303b7d733a33323a223962663331633766663036323933366139366433633862643166386632666633223b613a363a7b733a323a226964223b733a323a223135223b733a333a22717479223b643a313b733a353a227072696365223b643a3134393030303b733a343a226e616d65223b733a34363a22546f6e61204f76657273697a65205374726970657320547368697274202d20416275204d69737479205075746968223b733a353a22726f776964223b733a33323a223962663331633766663036323933366139366433633862643166386632666633223b733a383a22737562746f74616c223b643a3134393030303b7d733a33323a226337346439376230316561653235376534346161396435626164653937626166223b613a363a7b733a323a226964223b733a323a223136223b733a333a22717479223b643a313b733a353a227072696365223b643a3134393030303b733a343a226e616d65223b733a34373a2241696b6f204f76657273697a65205374726970657320547368697274202d20447573747920526f7365205075746968223b733a353a22726f776964223b733a33323a226337346439376230316561653235376534346161396435626164653937626166223b733a383a22737562746f74616c223b643a3134393030303b7d733a33323a223730656664663265633962303836303739373935633434323633366235356662223b613a363a7b733a323a226964223b733a323a223137223b733a333a22717479223b643a313b733a353a227072696365223b643a3134393030303b733a343a226e616d65223b733a32383a224e6f6b61204f76657273697a6520547368697274202d20437265616d223b733a353a22726f776964223b733a33323a223730656664663265633962303836303739373935633434323633366235356662223b733a383a22737562746f74616c223b643a3134393030303b7d7d5154595f434152547c613a373a7b693a303b733a34353a227175616e746974795b63323061643464373666653937373539616132376130633939626666363731305d3c3e31223b693a313b733a34353a227175616e746974795b36353132626434336439636161366530326339393062306138323635326463615d3c3e31223b693a323b733a34353a227175616e746974795b63353163653431306331323461313065306462356534623937666332616633395d3c3e31223b693a333b733a34353a227175616e746974795b61616233323338393232626363323561366636303665623532356666646335365d3c3e31223b693a343b733a34353a227175616e746974795b39626633316337666630363239333661393664336338626431663866326666335d3c3e31223b693a353b733a34353a227175616e746974795b63373464393762303165616532353765343461613964356261646539376261665d3c3e31223b693a363b733a34353a227175616e746974795b37306566646632656339623038363037393739356334343236333662353566625d3c3e31223b7d6c6f67696e5f666c6173687c733a31363a22426572686173696c206c6f676f757421223b5f5f63695f766172737c613a313a7b733a31313a226c6f67696e5f666c617368223b733a333a226f6c64223b7d),
('keg4t3kgf80lg7rg9i8cs74cfknsgdj1', '::1', 1707578726, 0x5f5f63695f6c6173745f726567656e65726174657c693a313730373537383732363b7265646972656374696f6e7c4e3b5f5f4143544956455f53455353494f4e5f444154417c733a3235363a22323237643361613132623263336530616162386530663133376233373933323037663961393739326462656139353932633233636466376330393338323466643163653063303563666134633764383637366233613966626164666462316335323663303434313630616534366439636136653864306137316431343234353033416a385a5070474d65774959686a762b4f546838477a754c76542f792f54306868724d597a354256323848486e464f3770354e70326e39737a773653486239414b6963356637644b306e5437593149447a794a416c5a68307936725256324c70327431766c2b616170683456686936474a6f5a4f71683834662f544e753637223b),
('9pcl1595et51rupotbcohul2o9bekpmq', '::1', 1707579271, 0x5f5f63695f6c6173745f726567656e65726174657c693a313730373537393237313b7265646972656374696f6e7c4e3b5f5f4143544956455f53455353494f4e5f444154417c733a3235363a223332633766396666656662666336333330303061663630333035636137653436653835666439396265643038396136666330613432313766396263336364653164316134663166363666383664646536393339313039363161346366313763323739303831346466373439393431343939633035643437376339616463613338426845664b4e4b32345a3049703052743152784e457070615a3451564f376d7447337449356e47487262594c6d464e6c3542743949454f72553348566b51502b36646f39754132772f4c572f77364b2f62367a574e6236546d312b4b2b346c7355583362704c43474a717833446d687954464133526b766651736c6772316561223b),
('p4g3c6rve4dlco3taug6eri55rad0213', '::1', 1707579283, 0x5f5f63695f6c6173745f726567656e65726174657c693a313730373537393237313b7265646972656374696f6e7c4e3b5f5f4143544956455f53455353494f4e5f444154417c733a3235363a223332633766396666656662666336333330303061663630333035636137653436653835666439396265643038396136666330613432313766396263336364653164316134663166363666383664646536393339313039363161346366313763323739303831346466373439393431343939633035643437376339616463613338426845664b4e4b32345a3049703052743152784e457070615a3451564f376d7447337449356e47487262594c6d464e6c3542743949454f72553348566b51502b36646f39754132772f4c572f77364b2f62367a574e6236546d312b4b2b346c7355583362704c43474a717833446d687954464133526b766651736c6772316561223b),
('7qgffkaqtt3kvr8cq4upia2quofsmobk', '127.0.0.1', 1707581748, 0x5f5f63695f6c6173745f726567656e65726174657c693a313730373538313734383b7265646972656374696f6e7c4e3b5f5f4143544956455f53455353494f4e5f444154417c733a3235363a22303731656162623565373930303136333932643539343036653161616232333134633762373162613533643066613763373835613530616265663338323763373832623461643264623536333462613865353565633761646566656533393735636638313337643063666263653862663439313033383837643631663635633775384a334838624d7755686b7668726b6d78355171514235646d616d65364b3030745767324442432b653033494e6e2f414e70465764722b5331336d6b74516f7265776b5977314f6d6b4d47597a366f6355724736655838384a34794f433049524c4472504d486947575935565a78445a7a6c6a6c4b7430396372386d444c4c223b),
('fsdgschcrvfhvaapc6l6kggcofdj6tf3', '127.0.0.1', 1707582068, 0x5f5f63695f6c6173745f726567656e65726174657c693a313730373538323036383b7265646972656374696f6e7c4e3b5f5f4143544956455f53455353494f4e5f444154417c733a3235363a22303731656162623565373930303136333932643539343036653161616232333134633762373162613533643066613763373835613530616265663338323763373832623461643264623536333462613865353565633761646566656533393735636638313337643063666263653862663439313033383837643631663635633775384a334838624d7755686b7668726b6d78355171514235646d616d65364b3030745767324442432b653033494e6e2f414e70465764722b5331336d6b74516f7265776b5977314f6d6b4d47597a366f6355724736655838384a34794f433049524c4472504d486947575935565a78445a7a6c6a6c4b7430396372386d444c4c223b),
('hf93olon35appasfc7innn3q50sn3kqc', '127.0.0.1', 1707582373, 0x5f5f63695f6c6173745f726567656e65726174657c693a313730373538323337333b7265646972656374696f6e7c4e3b5f5f4143544956455f53455353494f4e5f444154417c733a3235363a22303731656162623565373930303136333932643539343036653161616232333134633762373162613533643066613763373835613530616265663338323763373832623461643264623536333462613865353565633761646566656533393735636638313337643063666263653862663439313033383837643631663635633775384a334838624d7755686b7668726b6d78355171514235646d616d65364b3030745767324442432b653033494e6e2f414e70465764722b5331336d6b74516f7265776b5977314f6d6b4d47597a366f6355724736655838384a34794f433049524c4472504d486947575935565a78445a7a6c6a6c4b7430396372386d444c4c223b),
('p3i28kgf128lmivd6v2d1j6e8nj7m6ms', '127.0.0.1', 1707582724, 0x5f5f63695f6c6173745f726567656e65726174657c693a313730373538323732343b7265646972656374696f6e7c4e3b5f5f4143544956455f53455353494f4e5f444154417c733a3235363a22303731656162623565373930303136333932643539343036653161616232333134633762373162613533643066613763373835613530616265663338323763373832623461643264623536333462613865353565633761646566656533393735636638313337643063666263653862663439313033383837643631663635633775384a334838624d7755686b7668726b6d78355171514235646d616d65364b3030745767324442432b653033494e6e2f414e70465764722b5331336d6b74516f7265776b5977314f6d6b4d47597a366f6355724736655838384a34794f433049524c4472504d486947575935565a78445a7a6c6a6c4b7430396372386d444c4c223b),
('3b90du1qi7ip792hfju2410u8mmtk7d6', '127.0.0.1', 1707582754, 0x5f5f63695f6c6173745f726567656e65726174657c693a313730373538323732343b7265646972656374696f6e7c4e3b5f5f4143544956455f53455353494f4e5f444154417c733a3235363a22303731656162623565373930303136333932643539343036653161616232333134633762373162613533643066613763373835613530616265663338323763373832623461643264623536333462613865353565633761646566656533393735636638313337643063666263653862663439313033383837643631663635633775384a334838624d7755686b7668726b6d78355171514235646d616d65364b3030745767324442432b653033494e6e2f414e70465764722b5331336d6b74516f7265776b5977314f6d6b4d47597a366f6355724736655838384a34794f433049524c4472504d486947575935565a78445a7a6c6a6c4b7430396372386d444c4c223b),
('tmneqtc1uu8lu4ghk9p0lglesjrate44', '::1', 1707637561, 0x5f5f63695f6c6173745f726567656e65726174657c693a313730373633373536313b7265646972656374696f6e7c4e3b5f5f4143544956455f53455353494f4e5f444154417c733a3235363a2235663937373664626433633832636636343561626333666565633162343432386237366234616664376534633032646463343463666164393037653361653362336338623361396666626263383831613635313333653237333032616238653836336330636332323731396233383936656533373938393263353234373133343536764f6b2f4c53736171707356457a42335957585941374e77526773652b6d494f4c4d4a53467a2b6a5165736b465033694c4b7975684474354e42456a396e50343030545031426e3863364d4c767735357175566337734d6f4f56786652354e554b4b564130663837796167556a753038314b39536c4a68444b5a76444250223b),
('06oqcrls3pgpoqr16up02p83sgff3tr3', '::1', 1707639033, 0x5f5f63695f6c6173745f726567656e65726174657c693a313730373633393033333b7265646972656374696f6e7c4e3b5f5f4143544956455f53455353494f4e5f444154417c733a3235363a2235663937373664626433633832636636343561626333666565633162343432386237366234616664376534633032646463343463666164393037653361653362336338623361396666626263383831613635313333653237333032616238653836336330636332323731396233383936656533373938393263353234373133343536764f6b2f4c53736171707356457a42335957585941374e77526773652b6d494f4c4d4a53467a2b6a5165736b465033694c4b7975684474354e42456a396e50343030545031426e3863364d4c767735357175566337734d6f4f56786652354e554b4b564130663837796167556a753038314b39536c4a68444b5a76444250223b),
('ui42igp552bvbdfumt0t3r6h8t5m18o8', '::1', 1707639034, 0x5f5f63695f6c6173745f726567656e65726174657c693a313730373633393033333b7265646972656374696f6e7c4e3b5f5f4143544956455f53455353494f4e5f444154417c733a3235363a2235663937373664626433633832636636343561626333666565633162343432386237366234616664376534633032646463343463666164393037653361653362336338623361396666626263383831613635313333653237333032616238653836336330636332323731396233383936656533373938393263353234373133343536764f6b2f4c53736171707356457a42335957585941374e77526773652b6d494f4c4d4a53467a2b6a5165736b465033694c4b7975684474354e42456a396e50343030545031426e3863364d4c767735357175566337734d6f4f56786652354e554b4b564130663837796167556a753038314b39536c4a68444b5a76444250223b),
('s2s6k22qbrsu9q3ha09grfgu55keo413', '::1', 1707662670, 0x5f5f63695f6c6173745f726567656e65726174657c693a313730373636323637303b7265646972656374696f6e7c4e3b5f5f4143544956455f53455353494f4e5f444154417c733a3235363a2238343261336262643364396465663763623830623866633361306432316137646463636231633536363538396263306662393163393939356336656239373964633930636265393666376363663432303164633037353530633839636161306537636632306336623064366337303161333530643563636365323435343461637069694e506948624c524d675a557068654e564a676b3149765259436c4e2b4b72656e6751706f61537944696c68435366655a484959305568644145684659435579444f79565670767757306a38564165685449537749467938764e3665524e36697834436b524d33334a725a47633272487731557147424237336d49485867223b70726f66696c657c733a32373a2250726f66696c20626572686173696c206469706572626172756921223b5f5f63695f766172737c613a313a7b733a373a2270726f66696c65223b733a333a226f6c64223b7d),
('akp4qorpd1l9stjtvedhdgqdgo399lb9', '::1', 1707663373, 0x5f5f63695f6c6173745f726567656e65726174657c693a313730373636333337333b7265646972656374696f6e7c4e3b5f5f4143544956455f53455353494f4e5f444154417c733a3235363a2263363037396239626262353439613637343331353364643565636666396566313266366435366461386633313363336533646539643664363138333632383935303239313537356639343330393766653036326164613737366664666636623537343432336565303430323563626331643635643961653430656332363333656e7952374755524d3454544d354b4f5033702b34634653663843634f33384b46717742615854514c4b6466513835616d77644d385a30434c57646d532f387573396172666a67354a362b5076505049747663654a2f4f74794d436c46515659332f3678614855575a4c4c545055356e334a3937615a48306a32304b32416f3233223b),
('popdak837988hep2et6a4s6rrv58nh9m', '::1', 1707663373, 0x5f5f63695f6c6173745f726567656e65726174657c693a313730373636333337333b7265646972656374696f6e7c4e3b5f5f4143544956455f53455353494f4e5f444154417c733a3235363a2263363037396239626262353439613637343331353364643565636666396566313266366435366461386633313363336533646539643664363138333632383935303239313537356639343330393766653036326164613737366664666636623537343432336565303430323563626331643635643961653430656332363333656e7952374755524d3454544d354b4f5033702b34634653663843634f33384b46717742615854514c4b6466513835616d77644d385a30434c57646d532f387573396172666a67354a362b5076505049747663654a2f4f74794d436c46515659332f3678614855575a4c4c545055356e334a3937615a48306a32304b32416f3233223b);

-- --------------------------------------------------------

--
-- Struktur dari tabel `contacts`
--

CREATE TABLE `contacts` (
  `id` int(10) NOT NULL,
  `parent_id` int(10) DEFAULT NULL,
  `name` varchar(32) NOT NULL,
  `subject` varchar(128) DEFAULT NULL,
  `email` varchar(64) NOT NULL,
  `message` mediumtext NOT NULL,
  `contact_date` datetime DEFAULT NULL,
  `status` tinyint(1) DEFAULT 1,
  `reply_at` datetime DEFAULT NULL
) ENGINE=InnoDB DEFAULT CHARSET=utf8mb4;

-- --------------------------------------------------------

--
-- Struktur dari tabel `coupons`
--

CREATE TABLE `coupons` (
  `id` bigint(20) NOT NULL,
  `name` varchar(191) NOT NULL,
  `code` varchar(32) NOT NULL,
  `credit` decimal(8,2) NOT NULL,
  `start_date` date NOT NULL,
  `expired_date` date NOT NULL,
  `is_active` tinyint(4) DEFAULT 1
) ENGINE=InnoDB DEFAULT CHARSET=utf8mb4;

-- --------------------------------------------------------

--
-- Struktur dari tabel `customers`
--

CREATE TABLE `customers` (
  `id` bigint(20) NOT NULL,
  `user_id` bigint(20) UNSIGNED DEFAULT NULL,
  `name` varchar(191) NOT NULL,
  `phone_number` varchar(32) DEFAULT NULL,
  `address` varchar(191) NOT NULL,
  `profile_picture` varchar(191) DEFAULT NULL
) ENGINE=InnoDB DEFAULT CHARSET=utf8mb4;

--
-- Dumping data untuk tabel `customers`
--

INSERT INTO `customers` (`id`, `user_id`, `name`, `phone_number`, `address`, `profile_picture`) VALUES
(7, 8, 'Pembeli1', '087741130522', 'Jln. Merdeka Barat- Jakarta Indonesia', 'lanscape.jpeg'),
(8, 10, 'Pembeli2', '087741160520', 'Jln. Merdeka Barat- Jakarta Indonesia', NULL),
(9, 11, 'Pembeli4', '0870000000', 'Jln.Merdeka Barat - Jakarta', NULL),
(10, 12, 'Tiara Wahyu', '085728235236', 'Ds. Logede rt 04 rw k3 kecamatan sumber Rembang', 'RAF05043.JPG'),
(16, 18, 'HAHAHAHA', '089768546376', 'sadawed', 'WIN_20220225_20_55_31_Pro.jpg'),
(20, 22, 'Tiara Wahyu Puspa', '080765453324', 'Logede', 'WIN_20220225_20_55_31_Pro1.jpg');

-- --------------------------------------------------------

--
-- Struktur dari tabel `midtrans`
--

CREATE TABLE `midtrans` (
  `mt_id` int(11) NOT NULL,
  `mt_order_id` varchar(50) NOT NULL DEFAULT '',
  `mt_notif` text DEFAULT NULL
) ENGINE=MyISAM DEFAULT CHARSET=utf8mb4;

--
-- Dumping data untuk tabel `midtrans`
--

INSERT INTO `midtrans` (`mt_id`, `mt_order_id`, `mt_notif`) VALUES
(1, 'EXH112418234', '{\"status_code\":\"201\",\"transaction_id\":\"d45d051d-44bc-49f5-8a18-9669fe15c18b\",\"gross_amount\":\"119000.00\",\"currency\":\"IDR\",\"order_id\":\"EXH112418234\",\"payment_type\":\"bank_transfer\",\"signature_key\":\"bd180dc6c6ac61dd4da0e5abd80a156ab98439e73b96d325d6b1bc07f0664e0c20c0badb5f73ba32b3d9afadffd8bf0054ad308911bfffc5b70ac0257b7ceea8\",\"transaction_status\":\"pending\",\"fraud_status\":\"accept\",\"status_message\":\"Success, transaction is found\",\"merchant_id\":\"G888115313\",\"va_numbers\":[{\"bank\":\"bri\",\"va_number\":\"153131701069820552\"}],\"payment_amounts\":[],\"transaction_time\":\"2024-01-01 17:45:17\",\"expiry_time\":\"2024-01-02 17:45:12\"}'),
(2, 'EXH112418234', '{\"status_code\":\"200\",\"transaction_id\":\"d45d051d-44bc-49f5-8a18-9669fe15c18b\",\"gross_amount\":\"119000.00\",\"currency\":\"IDR\",\"order_id\":\"EXH112418234\",\"payment_type\":\"bank_transfer\",\"signature_key\":\"921183ebd5f37ef0124ba1fc0d6a554fece03d677e2ac447a4c5bd284b2df568ad4aff6dab9f8bd90feaebd52c81a0cbc00a3227b06bf642193f8deceae792d2\",\"transaction_status\":\"settlement\",\"fraud_status\":\"accept\",\"status_message\":\"Success, transaction is found\",\"merchant_id\":\"G888115313\",\"va_numbers\":[{\"bank\":\"bri\",\"va_number\":\"153131701069820552\"}],\"payment_amounts\":[],\"transaction_time\":\"2024-01-01 17:45:17\",\"settlement_time\":\"2024-01-01 17:49:07\",\"expiry_time\":\"2024-01-02 17:45:12\"}'),
(3, 'TZS1612418860', '{\"status_code\":\"201\",\"transaction_id\":\"ce214eae-3486-4c58-84ce-1eea27e20330\",\"gross_amount\":\"91000.00\",\"currency\":\"IDR\",\"order_id\":\"TZS1612418860\",\"payment_type\":\"bank_transfer\",\"signature_key\":\"ab403c9b07eb11a4f0b18ddf1798452744a3986e31011df9865de30661d0989fcffa4d0be8c64ec9b9de73cd63525daa2da1d83b9e4b9692a15129e84a8f6eaa\",\"transaction_status\":\"pending\",\"fraud_status\":\"accept\",\"status_message\":\"Success, transaction is found\",\"merchant_id\":\"G888115313\",\"va_numbers\":[{\"bank\":\"bri\",\"va_number\":\"153134551658616893\"}],\"payment_amounts\":[],\"transaction_time\":\"2024-01-16 22:44:09\",\"expiry_time\":\"2024-01-17 22:44:09\"}'),
(4, 'TZS1612418860', '{\"status_code\":\"201\",\"transaction_id\":\"ce214eae-3486-4c58-84ce-1eea27e20330\",\"gross_amount\":\"91000.00\",\"currency\":\"IDR\",\"order_id\":\"TZS1612418860\",\"payment_type\":\"bank_transfer\",\"signature_key\":\"ab403c9b07eb11a4f0b18ddf1798452744a3986e31011df9865de30661d0989fcffa4d0be8c64ec9b9de73cd63525daa2da1d83b9e4b9692a15129e84a8f6eaa\",\"transaction_status\":\"pending\",\"fraud_status\":\"accept\",\"status_message\":\"Success, transaction is found\",\"merchant_id\":\"G888115313\",\"va_numbers\":[{\"bank\":\"bri\",\"va_number\":\"153134551658616893\"}],\"payment_amounts\":[],\"transaction_time\":\"2024-01-16 22:44:09\",\"expiry_time\":\"2024-01-17 22:44:09\"}'),
(5, 'TZS1612418860', '{\"status_code\":\"201\",\"transaction_id\":\"ce214eae-3486-4c58-84ce-1eea27e20330\",\"gross_amount\":\"91000.00\",\"currency\":\"IDR\",\"order_id\":\"TZS1612418860\",\"payment_type\":\"bank_transfer\",\"signature_key\":\"ab403c9b07eb11a4f0b18ddf1798452744a3986e31011df9865de30661d0989fcffa4d0be8c64ec9b9de73cd63525daa2da1d83b9e4b9692a15129e84a8f6eaa\",\"transaction_status\":\"pending\",\"fraud_status\":\"accept\",\"status_message\":\"Success, transaction is found\",\"merchant_id\":\"G888115313\",\"va_numbers\":[{\"bank\":\"bri\",\"va_number\":\"153134551658616893\"}],\"payment_amounts\":[],\"transaction_time\":\"2024-01-16 22:44:09\",\"expiry_time\":\"2024-01-17 22:44:09\"}'),
(6, 'TZS1612418860', '{\"status_code\":\"201\",\"transaction_id\":\"ce214eae-3486-4c58-84ce-1eea27e20330\",\"gross_amount\":\"91000.00\",\"currency\":\"IDR\",\"order_id\":\"TZS1612418860\",\"payment_type\":\"bank_transfer\",\"signature_key\":\"ab403c9b07eb11a4f0b18ddf1798452744a3986e31011df9865de30661d0989fcffa4d0be8c64ec9b9de73cd63525daa2da1d83b9e4b9692a15129e84a8f6eaa\",\"transaction_status\":\"pending\",\"fraud_status\":\"accept\",\"status_message\":\"Success, transaction is found\",\"merchant_id\":\"G888115313\",\"va_numbers\":[{\"bank\":\"bri\",\"va_number\":\"153134551658616893\"}],\"payment_amounts\":[],\"transaction_time\":\"2024-01-16 22:44:09\",\"expiry_time\":\"2024-01-17 22:44:09\"}'),
(7, 'TZS1612418860', '{\"status_code\":\"201\",\"transaction_id\":\"ce214eae-3486-4c58-84ce-1eea27e20330\",\"gross_amount\":\"91000.00\",\"currency\":\"IDR\",\"order_id\":\"TZS1612418860\",\"payment_type\":\"bank_transfer\",\"signature_key\":\"ab403c9b07eb11a4f0b18ddf1798452744a3986e31011df9865de30661d0989fcffa4d0be8c64ec9b9de73cd63525daa2da1d83b9e4b9692a15129e84a8f6eaa\",\"transaction_status\":\"pending\",\"fraud_status\":\"accept\",\"status_message\":\"Success, transaction is found\",\"merchant_id\":\"G888115313\",\"va_numbers\":[{\"bank\":\"bri\",\"va_number\":\"153134551658616893\"}],\"payment_amounts\":[],\"transaction_time\":\"2024-01-16 22:44:09\",\"expiry_time\":\"2024-01-17 22:44:09\"}'),
(8, 'TZS1612418860', '{\"status_code\":\"201\",\"transaction_id\":\"ce214eae-3486-4c58-84ce-1eea27e20330\",\"gross_amount\":\"91000.00\",\"currency\":\"IDR\",\"order_id\":\"TZS1612418860\",\"payment_type\":\"bank_transfer\",\"signature_key\":\"ab403c9b07eb11a4f0b18ddf1798452744a3986e31011df9865de30661d0989fcffa4d0be8c64ec9b9de73cd63525daa2da1d83b9e4b9692a15129e84a8f6eaa\",\"transaction_status\":\"pending\",\"fraud_status\":\"accept\",\"status_message\":\"Success, transaction is found\",\"merchant_id\":\"G888115313\",\"va_numbers\":[{\"bank\":\"bri\",\"va_number\":\"153134551658616893\"}],\"payment_amounts\":[],\"transaction_time\":\"2024-01-16 22:44:09\",\"expiry_time\":\"2024-01-17 22:44:09\"}'),
(9, 'JBR1612418528', '{\"status_code\":\"201\",\"transaction_id\":\"4e5b2156-10ae-443d-966d-bb4eeb93eec8\",\"gross_amount\":\"110000.00\",\"currency\":\"IDR\",\"order_id\":\"JBR1612418528\",\"payment_type\":\"bank_transfer\",\"signature_key\":\"493fae0bb7854941f9767bd25c628d705e42c6b2ed39e5692337e3df2622d0324ad30df6d38f2101e6e6d7ba4b5e82490a3934873bb3eae8bee9831396b7d5f0\",\"transaction_status\":\"pending\",\"fraud_status\":\"accept\",\"status_message\":\"Success, transaction is found\",\"merchant_id\":\"G888115313\",\"va_numbers\":[{\"bank\":\"bri\",\"va_number\":\"153132274928821082\"}],\"payment_amounts\":[],\"transaction_time\":\"2024-01-16 23:56:23\",\"expiry_time\":\"2024-01-17 23:56:23\"}'),
(10, 'IYP1612418689', '{\"va_numbers\":[{\"va_number\":\"153138624663511429\",\"bank\":\"bri\"}],\"transaction_time\":\"2024-01-17 00:30:00\",\"transaction_status\":\"pending\",\"transaction_id\":\"8d861239-dbd4-4a0b-b996-bc1c1749b16e\",\"status_message\":\"midtrans payment notification\",\"status_code\":\"201\",\"signature_key\":\"decfdd04970c9058746234fdc418ce14c1e118c67f876f21bb30b1a18704e85c8374bcb92fe89a4223cc1adf8919a5c163853e909fd392ab41d7399d39830d3d\",\"payment_type\":\"bank_transfer\",\"payment_amounts\":[],\"order_id\":\"IYP1612418689\",\"merchant_id\":\"G888115313\",\"gross_amount\":\"103000.00\",\"fraud_status\":\"accept\",\"expiry_time\":\"2024-01-18 00:30:00\",\"currency\":\"IDR\"}'),
(11, 'IYP1612418689', '{\"va_numbers\":[{\"va_number\":\"153138624663511429\",\"bank\":\"bri\"}],\"transaction_time\":\"2024-01-17 00:30:00\",\"transaction_status\":\"pending\",\"transaction_id\":\"8d861239-dbd4-4a0b-b996-bc1c1749b16e\",\"status_message\":\"midtrans payment notification\",\"status_code\":\"201\",\"signature_key\":\"decfdd04970c9058746234fdc418ce14c1e118c67f876f21bb30b1a18704e85c8374bcb92fe89a4223cc1adf8919a5c163853e909fd392ab41d7399d39830d3d\",\"payment_type\":\"bank_transfer\",\"payment_amounts\":[],\"order_id\":\"IYP1612418689\",\"merchant_id\":\"G888115313\",\"gross_amount\":\"103000.00\",\"fraud_status\":\"accept\",\"expiry_time\":\"2024-01-18 00:30:00\",\"currency\":\"IDR\"}'),
(12, 'IYP1612418689', '{\"va_numbers\":[{\"va_number\":\"153138624663511429\",\"bank\":\"bri\"}],\"transaction_time\":\"2024-01-17 00:30:00\",\"transaction_status\":\"pending\",\"transaction_id\":\"8d861239-dbd4-4a0b-b996-bc1c1749b16e\",\"status_message\":\"midtrans payment notification\",\"status_code\":\"201\",\"signature_key\":\"decfdd04970c9058746234fdc418ce14c1e118c67f876f21bb30b1a18704e85c8374bcb92fe89a4223cc1adf8919a5c163853e909fd392ab41d7399d39830d3d\",\"payment_type\":\"bank_transfer\",\"payment_amounts\":[],\"order_id\":\"IYP1612418689\",\"merchant_id\":\"G888115313\",\"gross_amount\":\"103000.00\",\"fraud_status\":\"accept\",\"expiry_time\":\"2024-01-18 00:30:00\",\"currency\":\"IDR\"}'),
(13, 'RGJ24124121236', '{\"status_code\":\"201\",\"transaction_id\":\"d9f784f5-9d96-467f-88f3-6bf09ba52a27\",\"gross_amount\":\"50000.00\",\"currency\":\"IDR\",\"order_id\":\"RGJ24124121236\",\"payment_type\":\"bank_transfer\",\"signature_key\":\"1f2099be8efe69f9c019bdeacbbeb939aefe1e76abd2c0addf6400e5be57b2cd96532dbf89cfe797d32cd5b1ae473afb4ee46042a2777d118a9f236b778d98df\",\"transaction_status\":\"pending\",\"fraud_status\":\"accept\",\"status_message\":\"Success, transaction is found\",\"merchant_id\":\"G888115313\",\"va_numbers\":[{\"bank\":\"bca\",\"va_number\":\"15313196593\"}],\"payment_amounts\":[],\"transaction_time\":\"2024-01-24 23:09:36\",\"expiry_time\":\"2024-01-25 23:09:36\"}'),
(14, 'RIV24124122045', '{\"status_code\":\"201\",\"transaction_id\":\"9aa49f32-9983-425d-8799-e94d82c8761e\",\"gross_amount\":\"167000.00\",\"currency\":\"IDR\",\"order_id\":\"RIV24124122045\",\"payment_type\":\"bank_transfer\",\"signature_key\":\"01d69daec59e1dd9a6274d211ad35d07233a8f9aec763a4a6c1913e25b74ba5d998a1e82ce7a42d328b61cb8c8820522361080a80250573a558adddad9d3c811\",\"transaction_status\":\"pending\",\"fraud_status\":\"accept\",\"status_message\":\"Success, transaction is found\",\"merchant_id\":\"G888115313\",\"va_numbers\":[{\"bank\":\"bca\",\"va_number\":\"15313135058\"}],\"payment_amounts\":[],\"transaction_time\":\"2024-01-24 23:20:26\",\"expiry_time\":\"2024-01-25 23:20:26\"}'),
(15, 'RIV24124122045', '{\"status_code\":\"200\",\"transaction_id\":\"9aa49f32-9983-425d-8799-e94d82c8761e\",\"gross_amount\":\"167000.00\",\"currency\":\"IDR\",\"order_id\":\"RIV24124122045\",\"payment_type\":\"bank_transfer\",\"signature_key\":\"ade463a53b2ee7a392b57e90ed473793ead588532f0d6fd531233dfbd64490d64c4449e6c26fa6a93d5b0f2318b4f87ce5c8851037adaf800b96baed50d5b953\",\"transaction_status\":\"settlement\",\"fraud_status\":\"accept\",\"status_message\":\"Success, transaction is found\",\"merchant_id\":\"G888115313\",\"va_numbers\":[{\"bank\":\"bca\",\"va_number\":\"15313135058\"}],\"payment_amounts\":[],\"transaction_time\":\"2024-01-24 23:20:26\",\"settlement_time\":\"2024-01-24 23:21:22\",\"expiry_time\":\"2024-01-25 23:20:26\"}'),
(16, 'HUK25124122701', '{\"status_code\":\"201\",\"transaction_id\":\"2e275096-1c4a-4224-8ae9-be6151fc1d79\",\"gross_amount\":\"49000.00\",\"currency\":\"IDR\",\"order_id\":\"HUK25124122701\",\"payment_type\":\"bank_transfer\",\"signature_key\":\"8ea2d62ea717edf73eb214ca25473401e76b1c51fe2f81496390aaf5414b3d5abd0098e3f83c97ddd123cc1e6ba558909895a97871602fb3b77fd2dc2392ad15\",\"transaction_status\":\"pending\",\"fraud_status\":\"accept\",\"status_message\":\"Success, transaction is found\",\"merchant_id\":\"G888115313\",\"va_numbers\":[{\"bank\":\"bca\",\"va_number\":\"15313495328\"}],\"payment_amounts\":[],\"transaction_time\":\"2024-01-25 09:57:28\",\"expiry_time\":\"2024-01-26 09:57:28\"}'),
(17, 'QSG25124122640', '{\"status_code\":\"201\",\"transaction_id\":\"b34b4253-49b5-461f-aa31-d271fea0576c\",\"gross_amount\":\"220000.00\",\"currency\":\"IDR\",\"order_id\":\"QSG25124122640\",\"payment_type\":\"bank_transfer\",\"signature_key\":\"5a2a22059dbf5b3d42f4adab94af060fef84f9c214683237eb14698089770ca094866421bb445264cf3c3828d7552dd8ec4f940f4e57b1fc775dfbde7480aa84\",\"transaction_status\":\"pending\",\"fraud_status\":\"accept\",\"status_message\":\"Success, transaction is found\",\"merchant_id\":\"G888115313\",\"va_numbers\":[{\"bank\":\"bca\",\"va_number\":\"15313147756\"}],\"payment_amounts\":[],\"transaction_time\":\"2024-01-25 10:05:13\",\"expiry_time\":\"2024-01-26 10:05:13\"}'),
(18, 'KFX25124122460', '{\"status_code\":\"201\",\"transaction_id\":\"63d9f714-25cf-448b-8fe2-3ccdf079d161\",\"gross_amount\":\"160000.00\",\"currency\":\"IDR\",\"order_id\":\"KFX25124122460\",\"payment_type\":\"cstore\",\"signature_key\":\"974934658479ac9af4b0eddfe059068ec6108d08cf0004aa5701367cbbef4b68d6e2884cc72eadfd1525d015aea291f4d7baa30e6899ec02bc369429a8d62376\",\"transaction_status\":\"pending\",\"fraud_status\":\"accept\",\"status_message\":\"Success, transaction is found\",\"merchant_id\":\"G888115313\",\"payment_code\":\"880765453324\",\"store\":\"indomaret\",\"transaction_time\":\"2024-01-25 10:10:52\",\"expiry_time\":\"2024-01-26 10:10:52\"}'),
(19, 'IPK25124122159', '{\"status_code\":\"200\",\"transaction_id\":\"b856fd84-75a4-4f1c-9679-c1a87d1667b8\",\"gross_amount\":\"56000.00\",\"currency\":\"IDR\",\"order_id\":\"IPK25124122159\",\"payment_type\":\"bank_transfer\",\"signature_key\":\"0158dd8815ea53c80a2180d36a71a7e9156b7633af9396b904b9b6b1ce9d8156accf52f46e324c8148c9846474f4cc8e0f894137acd28aa07bbce61669775a37\",\"transaction_status\":\"settlement\",\"fraud_status\":\"accept\",\"status_message\":\"Success, transaction is found\",\"merchant_id\":\"G888115313\",\"va_numbers\":[{\"bank\":\"bca\",\"va_number\":\"15313172446\"}],\"payment_amounts\":[],\"transaction_time\":\"2024-01-25 11:24:46\",\"settlement_time\":\"2024-01-25 11:24:56\",\"expiry_time\":\"2024-01-26 11:24:46\"}'),
(20, 'FUH25124122789', '{\"status_code\":\"201\",\"transaction_id\":\"52c88da0-1f0c-4154-aacc-d90f09da756c\",\"gross_amount\":\"183000.00\",\"currency\":\"IDR\",\"order_id\":\"FUH25124122789\",\"payment_type\":\"bank_transfer\",\"signature_key\":\"e7cdde711319d262fe48f5c99c9f021dbe0b50b5626b89f2318469c11e766582627dfab6835cd0791c9f6ae8ebd3078de168975744ee883681d883d62ad59020\",\"transaction_status\":\"pending\",\"fraud_status\":\"accept\",\"status_message\":\"Success, transaction is found\",\"merchant_id\":\"G888115313\",\"va_numbers\":[{\"bank\":\"bca\",\"va_number\":\"15313917681\"}],\"payment_amounts\":[],\"transaction_time\":\"2024-01-25 11:27:22\",\"expiry_time\":\"2024-01-26 11:27:22\"}'),
(21, 'FUH25124122789', '{\"status_code\":\"200\",\"transaction_id\":\"52c88da0-1f0c-4154-aacc-d90f09da756c\",\"gross_amount\":\"183000.00\",\"currency\":\"IDR\",\"order_id\":\"FUH25124122789\",\"payment_type\":\"bank_transfer\",\"signature_key\":\"009bf4d58f9471343bf4b37368809a0857c29746dfe905c881d26d0fcf9fb011f462a6ab7d76834a6fe0927f4c96f6702476ec1b04c0530a4c2f98e55f419492\",\"transaction_status\":\"settlement\",\"fraud_status\":\"accept\",\"status_message\":\"Success, transaction is found\",\"merchant_id\":\"G888115313\",\"va_numbers\":[{\"bank\":\"bca\",\"va_number\":\"15313917681\"}],\"payment_amounts\":[],\"transaction_time\":\"2024-01-25 11:27:22\",\"settlement_time\":\"2024-01-25 11:27:46\",\"expiry_time\":\"2024-01-26 11:27:22\"}'),
(22, 'BOV25124122567', '{\"status_code\":\"201\",\"transaction_id\":\"757e7503-99f6-4a08-8ed0-081034b86d33\",\"gross_amount\":\"67000.00\",\"currency\":\"IDR\",\"order_id\":\"BOV25124122567\",\"payment_type\":\"bank_transfer\",\"signature_key\":\"3517bb43090fe1b7b0ef3a12bbe91dc51f22ae677d4a7df9f2b70a0a8f80f99e530ae63123d43b701464a1bb3524c69966f0845bb7b3c27508db2662cf0c6cbf\",\"transaction_status\":\"pending\",\"fraud_status\":\"accept\",\"status_message\":\"Success, transaction is found\",\"merchant_id\":\"G888115313\",\"va_numbers\":[{\"bank\":\"bca\",\"va_number\":\"15313147511\"}],\"payment_amounts\":[],\"transaction_time\":\"2024-01-25 11:35:01\",\"expiry_time\":\"2024-01-26 11:35:01\"}'),
(23, 'BOV25124122567', '{\"status_code\":\"200\",\"transaction_id\":\"757e7503-99f6-4a08-8ed0-081034b86d33\",\"gross_amount\":\"67000.00\",\"currency\":\"IDR\",\"order_id\":\"BOV25124122567\",\"payment_type\":\"bank_transfer\",\"signature_key\":\"0df4ed836fb91402c414127127a032309944800e9dd5ddb1a47a9a80cab53051a8e2b53108e2bbd0b9e31c524b6021ba7d3ba4298f6a1066c4353b9d4d216d30\",\"transaction_status\":\"settlement\",\"fraud_status\":\"accept\",\"status_message\":\"Success, transaction is found\",\"merchant_id\":\"G888115313\",\"va_numbers\":[{\"bank\":\"bca\",\"va_number\":\"15313147511\"}],\"payment_amounts\":[],\"transaction_time\":\"2024-01-25 11:35:01\",\"settlement_time\":\"2024-01-25 11:35:23\",\"expiry_time\":\"2024-01-26 11:35:01\"}'),
(24, 'ICI25124122986', '{\"status_code\":\"201\",\"transaction_id\":\"04b97c14-237c-4ccc-b21b-f45b0f72be8d\",\"gross_amount\":\"170000.00\",\"currency\":\"IDR\",\"order_id\":\"ICI25124122986\",\"payment_type\":\"bank_transfer\",\"signature_key\":\"36bbba20e1b82b924cf6acbfdb00759f168bdfab46d1d25a507711a02d8a8a5c0fb2a4abc768b3cc7b4e0a6e895387d21d9b12a614a6fe2e02cfdf72ae0d11ae\",\"transaction_status\":\"pending\",\"fraud_status\":\"accept\",\"status_message\":\"Success, transaction is found\",\"merchant_id\":\"G888115313\",\"va_numbers\":[{\"bank\":\"bca\",\"va_number\":\"15313270136\"}],\"payment_amounts\":[],\"transaction_time\":\"2024-01-25 12:06:16\",\"expiry_time\":\"2024-01-26 12:06:16\"}'),
(25, 'ICI25124122986', '{\"status_code\":\"200\",\"transaction_id\":\"04b97c14-237c-4ccc-b21b-f45b0f72be8d\",\"gross_amount\":\"170000.00\",\"currency\":\"IDR\",\"order_id\":\"ICI25124122986\",\"payment_type\":\"bank_transfer\",\"signature_key\":\"4604eff40821d5a6fb10a5dbbb130c8448cbbb3ca2c27f1a30454cf7ff10fc2d4e12a6e112537bf9e9aa6e80db8f02b99457f5d8bb8f8dd2735ffef42835af39\",\"transaction_status\":\"settlement\",\"fraud_status\":\"accept\",\"status_message\":\"Success, transaction is found\",\"merchant_id\":\"G888115313\",\"va_numbers\":[{\"bank\":\"bca\",\"va_number\":\"15313270136\"}],\"payment_amounts\":[],\"transaction_time\":\"2024-01-25 12:06:16\",\"settlement_time\":\"2024-01-25 12:06:40\",\"expiry_time\":\"2024-01-26 12:06:16\"}'),
(26, 'HVX30124122931', '{\"status_code\":\"201\",\"transaction_id\":\"d9432b4c-ae03-44e6-bec7-7e3a161c5965\",\"gross_amount\":\"55000.00\",\"currency\":\"IDR\",\"order_id\":\"HVX30124122931\",\"payment_type\":\"bank_transfer\",\"signature_key\":\"28c2dd88302cc39ba697676a0ed6a878cf58bf93fc4cea9ab5ed488d0984d55e75b16946b4ae031b5b8b439930a17234aa5324dbac10f1631501df70ca099fab\",\"transaction_status\":\"pending\",\"fraud_status\":\"accept\",\"status_message\":\"Success, transaction is found\",\"merchant_id\":\"G888115313\",\"va_numbers\":[{\"bank\":\"bca\",\"va_number\":\"15313265796\"}],\"payment_amounts\":[],\"transaction_time\":\"2024-01-30 17:12:17\",\"expiry_time\":\"2024-01-31 17:12:17\"}'),
(27, 'HVX30124122931', '{\"status_code\":\"200\",\"transaction_id\":\"d9432b4c-ae03-44e6-bec7-7e3a161c5965\",\"gross_amount\":\"55000.00\",\"currency\":\"IDR\",\"order_id\":\"HVX30124122931\",\"payment_type\":\"bank_transfer\",\"signature_key\":\"0c2b2d5f0d2e7061c2f61774b5d509ea12f918a7776a70bac5ff7d38797a207b3aedc24ebbb97a9eb1a72bc81e4b16a7db0c655a37a7129733607fa3e184eca4\",\"transaction_status\":\"settlement\",\"fraud_status\":\"accept\",\"status_message\":\"Success, transaction is found\",\"merchant_id\":\"G888115313\",\"va_numbers\":[{\"bank\":\"bca\",\"va_number\":\"15313265796\"}],\"payment_amounts\":[],\"transaction_time\":\"2024-01-30 17:12:17\",\"settlement_time\":\"2024-01-30 17:14:11\",\"expiry_time\":\"2024-01-31 17:12:17\"}'),
(28, 'LKD1224122179', '{\"status_code\":\"201\",\"transaction_id\":\"0c6e4032-4e5d-4f76-93d2-b72ab339fcbe\",\"gross_amount\":\"166000.00\",\"currency\":\"IDR\",\"order_id\":\"LKD1224122179\",\"payment_type\":\"bank_transfer\",\"signature_key\":\"44710222f3cf2f93ae2f86183b411dba0d1c664a5714fc5553a9326a2f61f0b0174ff02e3e41a8866343d1287d6c69e8cdbe09655eeb7e8c5eadabf7e5c838db\",\"transaction_status\":\"pending\",\"fraud_status\":\"accept\",\"status_message\":\"Success, transaction is found\",\"merchant_id\":\"G888115313\",\"va_numbers\":[{\"bank\":\"bca\",\"va_number\":\"15313889952\"}],\"payment_amounts\":[],\"transaction_time\":\"2024-02-02 00:38:04\",\"expiry_time\":\"2024-02-03 00:37:59\"}'),
(29, 'LKD1224122179', '{\"status_code\":\"200\",\"transaction_id\":\"0c6e4032-4e5d-4f76-93d2-b72ab339fcbe\",\"gross_amount\":\"166000.00\",\"currency\":\"IDR\",\"order_id\":\"LKD1224122179\",\"payment_type\":\"bank_transfer\",\"signature_key\":\"77b81be96089197ac464203bff4aa774c5868ac28f5fb7ce20406d72987a9715476f3bccf613412a09c1aa435e69ccee11a1cbeaf6f798b0b497bebc70f7caf4\",\"transaction_status\":\"settlement\",\"fraud_status\":\"accept\",\"status_message\":\"Success, transaction is found\",\"merchant_id\":\"G888115313\",\"va_numbers\":[{\"bank\":\"bca\",\"va_number\":\"15313889952\"}],\"payment_amounts\":[],\"transaction_time\":\"2024-02-02 00:38:04\",\"settlement_time\":\"2024-02-02 00:41:14\",\"expiry_time\":\"2024-02-03 00:37:59\"}');

-- --------------------------------------------------------

--
-- Struktur dari tabel `orders`
--

CREATE TABLE `orders` (
  `id` bigint(20) NOT NULL,
  `user_id` bigint(20) UNSIGNED DEFAULT NULL,
  `coupon_id` bigint(20) DEFAULT NULL,
  `order_number` varchar(16) NOT NULL,
  `order_status` enum('1','2','3','4','5') DEFAULT '1',
  `order_date` datetime NOT NULL,
  `total_price` decimal(8,2) DEFAULT NULL,
  `total_items` int(10) DEFAULT NULL,
  `payment_method` int(11) DEFAULT 1,
  `delivery_data` text DEFAULT NULL,
  `delivered_date` datetime DEFAULT NULL,
  `finish_date` datetime DEFAULT NULL
) ENGINE=InnoDB DEFAULT CHARSET=utf8mb4;

--
-- Dumping data untuk tabel `orders`
--

INSERT INTO `orders` (`id`, `user_id`, `coupon_id`, `order_number`, `order_status`, `order_date`, `total_price`, `total_items`, `payment_method`, `delivery_data`, `delivered_date`, `finish_date`) VALUES
(29, 8, NULL, 'EXH112418234', '4', '2024-01-23 10:45:06', '100000.00', 1, 1, '{\"customer\":{\"name\":\"Pembeli1\",\"email\":\"pembeli@gmail.com\",\"phone_number\":\"087741130522\",\"address\":\"Jln. Merdeka Barat- Jakarta Indonesia\"},\"kota\":\"Serang\",\"kode_pos\":\"42111\",\"pengiriman_value\":19000,\"pengiriman_service\":\"REG\",\"pengiriman_description\":\"Layanan Reguler\",\"pengiriman_etd\":\"estimasi 1-2 hari\",\"note\":\"\"}', NULL, NULL),
(31, 22, NULL, 'BDT24124122069', '5', '2024-01-24 17:17:16', '39000.00', 1, 1, '{\"customer\":{\"name\":\"Tiara Wahyu Puspa\",\"email\":\"tiara1@gmail.com\",\"phone_number\":\"080765453324\",\"address\":\"Logede\"},\"kota\":\"Pati\",\"kode_pos\":\"59114\",\"pengiriman_value\":10000,\"pengiriman_service\":\"OKE\",\"pengiriman_description\":\"Ongkos Kirim Ekonomis\",\"pengiriman_etd\":\"estimasi 3-6 hari\",\"note\":\"\"}', NULL, NULL),
(32, 22, NULL, 'RIV24124122045', '4', '2024-01-24 17:20:23', '149000.00', 1, 1, '{\"customer\":{\"name\":\"Tiara Wahyu Puspa\",\"email\":\"tiara1@gmail.com\",\"phone_number\":\"080765453324\",\"address\":\"Batu Jatim\"},\"kota\":\"Batu\",\"kode_pos\":\"65311\",\"pengiriman_value\":18000,\"pengiriman_service\":\"OKE\",\"pengiriman_description\":\"Ongkos Kirim Ekonomis\",\"pengiriman_etd\":\"estimasi 3-6 hari\",\"note\":\"\"}', NULL, NULL),
(33, 22, NULL, 'VTS25124122643', '5', '2024-01-25 03:44:50', '149000.00', 1, 1, '{\"customer\":{\"name\":\"Tiara Wahyu Puspa\",\"email\":\"tiara1@gmail.com\",\"phone_number\":\"080765453324\",\"address\":\"Kabupaten Balangan\"},\"kota\":\"Balangan\",\"kode_pos\":\"71611\",\"pengiriman_value\":54000,\"pengiriman_service\":\"OKE\",\"pengiriman_description\":\"Ongkos Kirim Ekonomis\",\"pengiriman_etd\":\"estimasi 5-7 hari\",\"note\":\"\"}', NULL, NULL),
(34, 22, NULL, 'IOG25124122187', '5', '2024-01-25 03:47:29', '149000.00', 1, 1, '{\"customer\":{\"name\":\"Tiara Wahyu Puspa\",\"email\":\"tiara1@gmail.com\",\"phone_number\":\"080765453324\",\"address\":\"Batu Jatim\"},\"kota\":\"Batu\",\"kode_pos\":\"65311\",\"pengiriman_value\":18000,\"pengiriman_service\":\"OKE\",\"pengiriman_description\":\"Ongkos Kirim Ekonomis\",\"pengiriman_etd\":\"estimasi 3-6 hari\",\"note\":\"\"}', NULL, NULL),
(35, 22, NULL, 'JVT25124122243', '5', '2024-01-25 03:51:16', '149000.00', 1, 1, '{\"customer\":{\"name\":\"Tiara Wahyu Puspa\",\"email\":\"tiara1@gmail.com\",\"phone_number\":\"080765453324\",\"address\":\"Klaten\"},\"kota\":\"Klaten\",\"kode_pos\":\"57411\",\"pengiriman_value\":13000,\"pengiriman_service\":\"OKE\",\"pengiriman_description\":\"Ongkos Kirim Ekonomis\",\"pengiriman_etd\":\"estimasi 3-6 hari\",\"note\":\"\"}', NULL, NULL),
(36, 22, NULL, 'HUK25124122701', '5', '2024-01-25 03:57:26', '39000.00', 1, 1, '{\"customer\":{\"name\":\"Tiara Wahyu Puspa\",\"email\":\"tiara1@gmail.com\",\"phone_number\":\"080765453324\",\"address\":\"Sukolilo Pati jateng\"},\"kota\":\"Pati\",\"kode_pos\":\"59114\",\"pengiriman_value\":10000,\"pengiriman_service\":\"OKE\",\"pengiriman_description\":\"Ongkos Kirim Ekonomis\",\"pengiriman_etd\":\"estimasi 3-6 hari\",\"note\":\"\"}', NULL, NULL),
(37, 22, NULL, 'QSG25124122640', '5', '2024-01-25 04:05:10', '149000.00', 1, 1, '{\"customer\":{\"name\":\"Tiara Wahyu Puspa\",\"email\":\"tiara1@gmail.com\",\"phone_number\":\"080765453324\",\"address\":\"NAD\"},\"kota\":\"Aceh Besar\",\"kode_pos\":\"23951\",\"pengiriman_value\":71000,\"pengiriman_service\":\"OKE\",\"pengiriman_description\":\"Ongkos Kirim Ekonomis\",\"pengiriman_etd\":\"estimasi 3-6 hari\",\"note\":\"\"}', NULL, NULL),
(38, 22, NULL, 'KFX25124122460', '5', '2024-01-25 04:10:42', '149000.00', 1, 1, '{\"customer\":{\"name\":\"Tiara Wahyu Puspa\",\"email\":\"tiara1@gmail.com\",\"phone_number\":\"080765453324\",\"address\":\"bantul\"},\"kota\":\"Bantul\",\"kode_pos\":\"55715\",\"pengiriman_value\":11000,\"pengiriman_service\":\"OKE\",\"pengiriman_description\":\"Ongkos Kirim Ekonomis\",\"pengiriman_etd\":\"estimasi 2-3 hari\",\"note\":\"\"}', NULL, NULL),
(39, 22, NULL, 'KVN25124122250', '5', '2024-01-25 04:31:02', '78000.00', 1, 1, '{\"customer\":{\"name\":\"Tiara Wahyu Puspa\",\"email\":\"tiara1@gmail.com\",\"phone_number\":\"080765453324\",\"address\":\"Batang\"},\"kota\":\"Batang\",\"kode_pos\":\"51211\",\"pengiriman_value\":20000,\"pengiriman_service\":\"OKE\",\"pengiriman_description\":\"Ongkos Kirim Ekonomis\",\"pengiriman_etd\":\"estimasi 3-6 hari\",\"note\":\"\"}', NULL, NULL),
(40, 22, NULL, 'MCR25124122853', '5', '2024-01-25 04:35:23', '39000.00', 1, 1, '{\"customer\":{\"name\":\"Tiara Wahyu Puspa\",\"email\":\"tiara1@gmail.com\",\"phone_number\":\"080765453324\",\"address\":\"bandung\"},\"kota\":\"Bandung Barat\",\"kode_pos\":\"40721\",\"pengiriman_value\":17000,\"pengiriman_service\":\"OKE\",\"pengiriman_description\":\"Ongkos Kirim Ekonomis\",\"pengiriman_etd\":\"estimasi 3-5 hari\",\"note\":\"\"}', NULL, NULL),
(41, 22, NULL, 'IPK25124122159', '4', '2024-01-25 05:23:31', '39000.00', 1, 1, '{\"customer\":{\"name\":\"Tiara Wahyu Puspa\",\"email\":\"tiara1@gmail.com\",\"phone_number\":\"080765453324\",\"address\":\"Bekasi\"},\"kota\":\"Bekasi\",\"kode_pos\":\"17837\",\"pengiriman_value\":17000,\"pengiriman_service\":\"OKE\",\"pengiriman_description\":\"Ongkos Kirim Ekonomis\",\"pengiriman_etd\":\"estimasi 2-3 hari\",\"note\":\"\"}', NULL, NULL),
(42, 22, NULL, 'FUH25124122789', '4', '2024-01-25 05:27:20', '149000.00', 1, 1, '{\"customer\":{\"name\":\"Tiara Wahyu Puspa\",\"email\":\"tiara1@gmail.com\",\"phone_number\":\"080765453324\",\"address\":\"Bengkulu\"},\"kota\":\"Bengkulu\",\"kode_pos\":\"38229\",\"pengiriman_value\":34000,\"pengiriman_service\":\"OKE\",\"pengiriman_description\":\"Ongkos Kirim Ekonomis\",\"pengiriman_etd\":\"estimasi 2-3 hari\",\"note\":\"\"}', NULL, NULL),
(43, 22, NULL, 'BOV25124122567', '4', '2024-01-25 05:34:59', '39000.00', 1, 1, '{\"customer\":{\"name\":\"Tiara Wahyu Puspa\",\"email\":\"tiara1@gmail.com\",\"phone_number\":\"080765453324\",\"address\":\"Denpasar\"},\"kota\":\"Denpasar\",\"kode_pos\":\"80227\",\"pengiriman_value\":28000,\"pengiriman_service\":\"OKE\",\"pengiriman_description\":\"Ongkos Kirim Ekonomis\",\"pengiriman_etd\":\"estimasi 2-3 hari\",\"note\":\"\"}', NULL, NULL),
(44, 22, NULL, 'ICI25124122986', '4', '2024-01-25 06:06:14', '149000.00', 1, 1, '{\"customer\":{\"name\":\"Tiara Wahyu Puspa\",\"email\":\"tiara1@gmail.com\",\"phone_number\":\"080765453324\",\"address\":\"Banjar\"},\"kota\":\"Banjar\",\"kode_pos\":\"46311\",\"pengiriman_value\":21000,\"pengiriman_service\":\"OKE\",\"pengiriman_description\":\"Ongkos Kirim Ekonomis\",\"pengiriman_etd\":\"estimasi 6-8 hari\",\"note\":\"\"}', NULL, NULL),
(45, 22, NULL, 'HVX30124122931', '4', '2024-01-30 11:12:13', '39000.00', 1, 1, '{\"customer\":{\"name\":\"Tiara Wahyu Puspa\",\"email\":\"tiara1@gmail.com\",\"phone_number\":\"080765453324\",\"address\":\"Pare\"},\"kota\":\"Kediri\",\"kode_pos\":\"64125\",\"pengiriman_value\":16000,\"pengiriman_service\":\"OKE\",\"pengiriman_description\":\"Ongkos Kirim Ekonomis\",\"pengiriman_etd\":\"estimasi 2-3 hari\",\"note\":\"\"}', NULL, NULL),
(46, 22, NULL, 'LKD1224122179', '2', '2024-02-01 18:35:00', '149000.00', 1, 1, '{\"customer\":{\"name\":\"Tiara Wahyu Puspa\",\"email\":\"tiara1@gmail.com\",\"phone_number\":\"080765453324\",\"address\":\"Logede Rt 04 Rw 03 Kec. Sumber Kab Rembang Jawa Tengah\"},\"kota\":\"Rembang\",\"kode_pos\":\"59219\",\"pengiriman_value\":17000,\"pengiriman_service\":\"YES\",\"pengiriman_description\":\"Yakin Esok Sampai\",\"pengiriman_etd\":\"estimasi 1-1 hari\",\"note\":\"\"}', NULL, NULL),
(47, 22, NULL, 'SJZ1224122019', '5', '2024-02-01 19:15:48', '39000.00', 1, 1, '{\"customer\":{\"name\":\"Tiara Wahyu Puspa\",\"email\":\"tiara1@gmail.com\",\"phone_number\":\"080765453324\",\"address\":\"Logede\"},\"kota\":\"Aceh Selatan\",\"kode_pos\":\"23719\",\"pengiriman_value\":71000,\"pengiriman_service\":\"OKE\",\"pengiriman_description\":\"Ongkos Kirim Ekonomis\",\"pengiriman_etd\":\"estimasi 3-6 hari\",\"note\":\"\"}', NULL, NULL);

-- --------------------------------------------------------

--
-- Struktur dari tabel `order_item`
--

CREATE TABLE `order_item` (
  `id` bigint(20) NOT NULL,
  `order_id` bigint(20) DEFAULT NULL,
  `product_id` bigint(20) DEFAULT NULL,
  `order_qty` int(10) NOT NULL,
  `order_price` decimal(8,2) DEFAULT NULL
) ENGINE=InnoDB DEFAULT CHARSET=utf8mb4;

--
-- Dumping data untuk tabel `order_item`
--

INSERT INTO `order_item` (`id`, `order_id`, `product_id`, `order_qty`, `order_price`) VALUES
(1, 29, 11, 1, '100000.00'),
(2, 30, 11, 1, '39000.00'),
(3, 31, 11, 1, '39000.00'),
(4, 32, 16, 1, '149000.00'),
(5, 33, 16, 1, '149000.00'),
(6, 34, 16, 1, '149000.00'),
(7, 35, 20, 1, '149000.00'),
(8, 36, 11, 1, '39000.00'),
(9, 37, 16, 1, '149000.00'),
(10, 38, 15, 1, '149000.00'),
(11, 39, 11, 2, '39000.00'),
(12, 40, 11, 1, '39000.00'),
(13, 41, 11, 1, '39000.00'),
(14, 42, 16, 1, '149000.00'),
(15, 43, 11, 1, '39000.00'),
(16, 44, 15, 1, '149000.00'),
(17, 45, 12, 1, '39000.00'),
(18, 46, 17, 1, '149000.00'),
(19, 47, 11, 1, '39000.00');

-- --------------------------------------------------------

--
-- Struktur dari tabel `payments`
--

CREATE TABLE `payments` (
  `id` bigint(20) NOT NULL,
  `order_id` bigint(20) DEFAULT NULL,
  `payment_price` decimal(8,2) DEFAULT NULL,
  `payment_date` datetime NOT NULL,
  `picture_name` varchar(191) DEFAULT NULL,
  `payment_status` enum('1','2','3') DEFAULT '1',
  `confirmed_date` datetime DEFAULT NULL,
  `payment_data` text DEFAULT NULL
) ENGINE=InnoDB DEFAULT CHARSET=utf8mb4;

-- --------------------------------------------------------

--
-- Struktur dari tabel `products`
--

CREATE TABLE `products` (
  `id` bigint(20) NOT NULL,
  `category_id` int(10) DEFAULT NULL,
  `sku` varchar(32) DEFAULT NULL,
  `name` varchar(191) NOT NULL,
  `description` varchar(191) NOT NULL,
  `picture_name` varchar(191) DEFAULT NULL,
  `price` decimal(8,2) NOT NULL,
  `current_discount` decimal(8,2) DEFAULT 0.00,
  `stock` int(10) NOT NULL,
  `product_unit` varchar(32) DEFAULT NULL,
  `is_available` tinyint(1) DEFAULT 1,
  `add_date` datetime DEFAULT NULL
) ENGINE=InnoDB DEFAULT CHARSET=utf8mb4;

--
-- Dumping data untuk tabel `products`
--

INSERT INTO `products` (`id`, `category_id`, `sku`, `name`, `description`, `picture_name`, `price`, `current_discount`, `stock`, `product_unit`, `is_available`, `add_date`) VALUES
(11, 2, 'TAA15935', 'Noka Keychain', 'Jenis kulit : akrilik, dicetak Print UV dua sisi dan dilapisi akrilik depan dan belakang', '3.jpg', '39000.00', '0.00', 25, 'pcs', 1, '2024-01-01 10:12:15'),
(12, 2, 'AKAA323949', 'Aiko Keychan', 'Jenis kulit : akrilik, dicetak dengan Print UV dua sisi dan dilapisi akrilik depan dan belakang', '1.jpg', '39000.00', '0.00', 23, 'pcs', 1, '2024-01-24 01:42:29'),
(13, 2, 'TKAA326026', 'Tona Keychain', 'Jenis kulit : akrilik, dicetak Print UV dua sisi dan dilapisi akrilik depan dan belakang', '2_(1).jpg', '39000.00', '0.00', 26, 'pcs', 1, '2024-01-24 01:43:46'),
(14, 15, 'NOST-BPKA13277', 'Noka Oversize Stripes Tshirt - Beige Putih', 'Oversize\r\nCotton combed 30s\r\nPremium Quality\r\nSize : M L XL', '1_(1)1.jpg', '149000.00', '0.00', 3, 'pcs', 1, '2024-01-24 01:47:57'),
(15, 15, 'TOST-AMPKA18502', 'Tona Oversize Stripes Tshirt - Abu Misty Putih', 'Cotton combed 30s\r\nPremium Quality\r\nSize : M L XL XXL', '161.jpg', '149000.00', '0.00', 8, 'pcs', 1, '2024-01-24 01:51:42'),
(16, 15, 'AOST-DRPKA13560', 'Aiko Oversize Stripes Tshirt - Dusty Rose Putih', 'Oversize\r\nCotton combed 30s\r\nPremium Quality\r\nSize : M L XL', '4.jpg', '149000.00', '0.00', 3, 'pcs', 1, '2024-01-24 01:52:40'),
(17, 15, 'NOT-CKA13645', 'Noka Oversize Tshirt - Cream', 'Oversize \r\nCotton combed 24s\r\nPremium Quality\r\nSize : M L XL', '10.jpg', '149000.00', '0.00', 3, 'pcs', 1, '2024-01-24 01:54:05'),
(18, 15, 'TOT-PBKA13692', 'Tona Oversize Tshirt - Paladium Blue', 'Oversize\r\nCotton combed 24s\r\nPremium Quality\r\nSize : M L XL', '133.jpg', '149000.00', '0.00', 3, 'pcs', 1, '2024-01-24 01:54:52'),
(19, 15, 'AOT-DPKA13758', 'Aiko Oversize Tshirt - Dusty Pink', 'Oversize\r\nCotton combed 24s\r\nPremium Quality\r\nSize : M L XL', '7.jpg', '149000.00', '0.00', 3, 'pcs', 1, '2024-01-24 01:55:58'),
(20, 15, 'HRT-WDBKA13832', 'Haru Ringer Tee - White Denim Blue', 'Cotton combed 24s\r\nPremium Quality\r\nSize : M L XL', '30.jpg', '149000.00', '0.00', 3, 'pcs', 1, '2024-01-24 01:57:12'),
(21, 15, 'HRT-WMKA13893', 'Haru Ringer Tee - White Mustard', 'Cotton combed 24s\r\nPremium Quality\r\nSize : M L XL', '32.jpg', '149000.00', '0.00', 3, 'pcs', 1, '2024-01-24 01:58:13');

-- --------------------------------------------------------

--
-- Struktur dari tabel `product_category`
--

CREATE TABLE `product_category` (
  `id` int(10) NOT NULL,
  `name` varchar(191) NOT NULL
) ENGINE=InnoDB DEFAULT CHARSET=utf8mb4;

--
-- Dumping data untuk tabel `product_category`
--

INSERT INTO `product_category` (`id`, `name`) VALUES
(2, 'Aksesoris Atnoka'),
(14, 'Kaos Polos'),
(15, 'Kaos Atnoka');

-- --------------------------------------------------------

--
-- Struktur dari tabel `reviews`
--

CREATE TABLE `reviews` (
  `id` bigint(20) NOT NULL,
  `user_id` bigint(20) UNSIGNED DEFAULT NULL,
  `order_id` bigint(20) DEFAULT NULL,
  `title` varchar(191) DEFAULT NULL,
  `review_text` mediumtext NOT NULL,
  `review_date` datetime NOT NULL,
  `status` tinyint(1) NOT NULL DEFAULT 1
) ENGINE=InnoDB DEFAULT CHARSET=utf8mb4;

--
-- Dumping data untuk tabel `reviews`
--

INSERT INTO `reviews` (`id`, `user_id`, `order_id`, `title`, `review_text`, `review_date`, `status`) VALUES
(1, 22, 45, 'Order Barang', 'Pengiriman sangat cepat', '2024-01-30 11:18:09', 1);

-- --------------------------------------------------------

--
-- Struktur dari tabel `roles`
--

CREATE TABLE `roles` (
  `id` int(10) NOT NULL,
  `role_name` varchar(191) NOT NULL
) ENGINE=InnoDB DEFAULT CHARSET=utf8mb4;

--
-- Dumping data untuk tabel `roles`
--

INSERT INTO `roles` (`id`, `role_name`) VALUES
(1, 'Admin'),
(2, 'Customer');

-- --------------------------------------------------------

--
-- Struktur dari tabel `ro_city`
--

CREATE TABLE `ro_city` (
  `city_id` varchar(10) NOT NULL,
  `province_id` varchar(10) NOT NULL,
  `province` varchar(100) NOT NULL,
  `type` varchar(30) NOT NULL,
  `city_name` varchar(100) NOT NULL,
  `postal_code` varchar(10) NOT NULL
) ENGINE=MyISAM DEFAULT CHARSET=utf8mb4;

--
-- Dumping data untuk tabel `ro_city`
--

INSERT INTO `ro_city` (`city_id`, `province_id`, `province`, `type`, `city_name`, `postal_code`) VALUES
('1', '21', 'Nanggroe Aceh Darussalam (NAD)', 'Kabupaten', 'Aceh Barat', '23681'),
('2', '21', 'Nanggroe Aceh Darussalam (NAD)', 'Kabupaten', 'Aceh Barat Daya', '23764'),
('3', '21', 'Nanggroe Aceh Darussalam (NAD)', 'Kabupaten', 'Aceh Besar', '23951'),
('4', '21', 'Nanggroe Aceh Darussalam (NAD)', 'Kabupaten', 'Aceh Jaya', '23654'),
('5', '21', 'Nanggroe Aceh Darussalam (NAD)', 'Kabupaten', 'Aceh Selatan', '23719'),
('6', '21', 'Nanggroe Aceh Darussalam (NAD)', 'Kabupaten', 'Aceh Singkil', '24785'),
('7', '21', 'Nanggroe Aceh Darussalam (NAD)', 'Kabupaten', 'Aceh Tamiang', '24476'),
('8', '21', 'Nanggroe Aceh Darussalam (NAD)', 'Kabupaten', 'Aceh Tengah', '24511'),
('9', '21', 'Nanggroe Aceh Darussalam (NAD)', 'Kabupaten', 'Aceh Tenggara', '24611'),
('10', '21', 'Nanggroe Aceh Darussalam (NAD)', 'Kabupaten', 'Aceh Timur', '24454'),
('11', '21', 'Nanggroe Aceh Darussalam (NAD)', 'Kabupaten', 'Aceh Utara', '24382'),
('12', '32', 'Sumatera Barat', 'Kabupaten', 'Agam', '26411'),
('13', '23', 'Nusa Tenggara Timur (NTT)', 'Kabupaten', 'Alor', '85811'),
('14', '19', 'Maluku', 'Kota', 'Ambon', '97222'),
('15', '34', 'Sumatera Utara', 'Kabupaten', 'Asahan', '21214'),
('16', '24', 'Papua', 'Kabupaten', 'Asmat', '99777'),
('17', '1', 'Bali', 'Kabupaten', 'Badung', '80351'),
('18', '13', 'Kalimantan Selatan', 'Kabupaten', 'Balangan', '71611'),
('19', '15', 'Kalimantan Timur', 'Kota', 'Balikpapan', '76111'),
('20', '21', 'Nanggroe Aceh Darussalam (NAD)', 'Kota', 'Banda Aceh', '23238'),
('21', '18', 'Lampung', 'Kota', 'Bandar Lampung', '35139'),
('22', '9', 'Jawa Barat', 'Kabupaten', 'Bandung', '40311'),
('23', '9', 'Jawa Barat', 'Kota', 'Bandung', '40111'),
('24', '9', 'Jawa Barat', 'Kabupaten', 'Bandung Barat', '40721'),
('25', '29', 'Sulawesi Tengah', 'Kabupaten', 'Banggai', '94711'),
('26', '29', 'Sulawesi Tengah', 'Kabupaten', 'Banggai Kepulauan', '94881'),
('27', '2', 'Bangka Belitung', 'Kabupaten', 'Bangka', '33212'),
('28', '2', 'Bangka Belitung', 'Kabupaten', 'Bangka Barat', '33315'),
('29', '2', 'Bangka Belitung', 'Kabupaten', 'Bangka Selatan', '33719'),
('30', '2', 'Bangka Belitung', 'Kabupaten', 'Bangka Tengah', '33613'),
('31', '11', 'Jawa Timur', 'Kabupaten', 'Bangkalan', '69118'),
('32', '1', 'Bali', 'Kabupaten', 'Bangli', '80619'),
('33', '13', 'Kalimantan Selatan', 'Kabupaten', 'Banjar', '70619'),
('34', '9', 'Jawa Barat', 'Kota', 'Banjar', '46311'),
('35', '13', 'Kalimantan Selatan', 'Kota', 'Banjarbaru', '70712'),
('36', '13', 'Kalimantan Selatan', 'Kota', 'Banjarmasin', '70117'),
('37', '10', 'Jawa Tengah', 'Kabupaten', 'Banjarnegara', '53419'),
('38', '28', 'Sulawesi Selatan', 'Kabupaten', 'Bantaeng', '92411'),
('39', '5', 'DI Yogyakarta', 'Kabupaten', 'Bantul', '55715'),
('40', '33', 'Sumatera Selatan', 'Kabupaten', 'Banyuasin', '30911'),
('41', '10', 'Jawa Tengah', 'Kabupaten', 'Banyumas', '53114'),
('42', '11', 'Jawa Timur', 'Kabupaten', 'Banyuwangi', '68416'),
('43', '13', 'Kalimantan Selatan', 'Kabupaten', 'Barito Kuala', '70511'),
('44', '14', 'Kalimantan Tengah', 'Kabupaten', 'Barito Selatan', '73711'),
('45', '14', 'Kalimantan Tengah', 'Kabupaten', 'Barito Timur', '73671'),
('46', '14', 'Kalimantan Tengah', 'Kabupaten', 'Barito Utara', '73881'),
('47', '28', 'Sulawesi Selatan', 'Kabupaten', 'Barru', '90719'),
('48', '17', 'Kepulauan Riau', 'Kota', 'Batam', '29413'),
('49', '10', 'Jawa Tengah', 'Kabupaten', 'Batang', '51211'),
('50', '8', 'Jambi', 'Kabupaten', 'Batang Hari', '36613'),
('51', '11', 'Jawa Timur', 'Kota', 'Batu', '65311'),
('52', '34', 'Sumatera Utara', 'Kabupaten', 'Batu Bara', '21655'),
('53', '30', 'Sulawesi Tenggara', 'Kota', 'Bau-Bau', '93719'),
('54', '9', 'Jawa Barat', 'Kabupaten', 'Bekasi', '17837'),
('55', '9', 'Jawa Barat', 'Kota', 'Bekasi', '17121'),
('56', '2', 'Bangka Belitung', 'Kabupaten', 'Belitung', '33419'),
('57', '2', 'Bangka Belitung', 'Kabupaten', 'Belitung Timur', '33519'),
('58', '23', 'Nusa Tenggara Timur (NTT)', 'Kabupaten', 'Belu', '85711'),
('59', '21', 'Nanggroe Aceh Darussalam (NAD)', 'Kabupaten', 'Bener Meriah', '24581'),
('60', '26', 'Riau', 'Kabupaten', 'Bengkalis', '28719'),
('61', '12', 'Kalimantan Barat', 'Kabupaten', 'Bengkayang', '79213'),
('62', '4', 'Bengkulu', 'Kota', 'Bengkulu', '38229'),
('63', '4', 'Bengkulu', 'Kabupaten', 'Bengkulu Selatan', '38519'),
('64', '4', 'Bengkulu', 'Kabupaten', 'Bengkulu Tengah', '38319'),
('65', '4', 'Bengkulu', 'Kabupaten', 'Bengkulu Utara', '38619'),
('66', '15', 'Kalimantan Timur', 'Kabupaten', 'Berau', '77311'),
('67', '24', 'Papua', 'Kabupaten', 'Biak Numfor', '98119'),
('68', '22', 'Nusa Tenggara Barat (NTB)', 'Kabupaten', 'Bima', '84171'),
('69', '22', 'Nusa Tenggara Barat (NTB)', 'Kota', 'Bima', '84139'),
('70', '34', 'Sumatera Utara', 'Kota', 'Binjai', '20712'),
('71', '17', 'Kepulauan Riau', 'Kabupaten', 'Bintan', '29135'),
('72', '21', 'Nanggroe Aceh Darussalam (NAD)', 'Kabupaten', 'Bireuen', '24219'),
('73', '31', 'Sulawesi Utara', 'Kota', 'Bitung', '95512'),
('74', '11', 'Jawa Timur', 'Kabupaten', 'Blitar', '66171'),
('75', '11', 'Jawa Timur', 'Kota', 'Blitar', '66124'),
('76', '10', 'Jawa Tengah', 'Kabupaten', 'Blora', '58219'),
('77', '7', 'Gorontalo', 'Kabupaten', 'Boalemo', '96319'),
('78', '9', 'Jawa Barat', 'Kabupaten', 'Bogor', '16911'),
('79', '9', 'Jawa Barat', 'Kota', 'Bogor', '16119'),
('80', '11', 'Jawa Timur', 'Kabupaten', 'Bojonegoro', '62119'),
('81', '31', 'Sulawesi Utara', 'Kabupaten', 'Bolaang Mongondow (Bolmong)', '95755'),
('82', '31', 'Sulawesi Utara', 'Kabupaten', 'Bolaang Mongondow Selatan', '95774'),
('83', '31', 'Sulawesi Utara', 'Kabupaten', 'Bolaang Mongondow Timur', '95783'),
('84', '31', 'Sulawesi Utara', 'Kabupaten', 'Bolaang Mongondow Utara', '95765'),
('85', '30', 'Sulawesi Tenggara', 'Kabupaten', 'Bombana', '93771'),
('86', '11', 'Jawa Timur', 'Kabupaten', 'Bondowoso', '68219'),
('87', '28', 'Sulawesi Selatan', 'Kabupaten', 'Bone', '92713'),
('88', '7', 'Gorontalo', 'Kabupaten', 'Bone Bolango', '96511'),
('89', '15', 'Kalimantan Timur', 'Kota', 'Bontang', '75313'),
('90', '24', 'Papua', 'Kabupaten', 'Boven Digoel', '99662'),
('91', '10', 'Jawa Tengah', 'Kabupaten', 'Boyolali', '57312'),
('92', '10', 'Jawa Tengah', 'Kabupaten', 'Brebes', '52212'),
('93', '32', 'Sumatera Barat', 'Kota', 'Bukittinggi', '26115'),
('94', '1', 'Bali', 'Kabupaten', 'Buleleng', '81111'),
('95', '28', 'Sulawesi Selatan', 'Kabupaten', 'Bulukumba', '92511'),
('96', '16', 'Kalimantan Utara', 'Kabupaten', 'Bulungan (Bulongan)', '77211'),
('97', '8', 'Jambi', 'Kabupaten', 'Bungo', '37216'),
('98', '29', 'Sulawesi Tengah', 'Kabupaten', 'Buol', '94564'),
('99', '19', 'Maluku', 'Kabupaten', 'Buru', '97371'),
('100', '19', 'Maluku', 'Kabupaten', 'Buru Selatan', '97351'),
('101', '30', 'Sulawesi Tenggara', 'Kabupaten', 'Buton', '93754'),
('102', '30', 'Sulawesi Tenggara', 'Kabupaten', 'Buton Utara', '93745'),
('103', '9', 'Jawa Barat', 'Kabupaten', 'Ciamis', '46211'),
('104', '9', 'Jawa Barat', 'Kabupaten', 'Cianjur', '43217'),
('105', '10', 'Jawa Tengah', 'Kabupaten', 'Cilacap', '53211'),
('106', '3', 'Banten', 'Kota', 'Cilegon', '42417'),
('107', '9', 'Jawa Barat', 'Kota', 'Cimahi', '40512'),
('108', '9', 'Jawa Barat', 'Kabupaten', 'Cirebon', '45611'),
('109', '9', 'Jawa Barat', 'Kota', 'Cirebon', '45116'),
('110', '34', 'Sumatera Utara', 'Kabupaten', 'Dairi', '22211'),
('111', '24', 'Papua', 'Kabupaten', 'Deiyai (Deliyai)', '98784'),
('112', '34', 'Sumatera Utara', 'Kabupaten', 'Deli Serdang', '20511'),
('113', '10', 'Jawa Tengah', 'Kabupaten', 'Demak', '59519'),
('114', '1', 'Bali', 'Kota', 'Denpasar', '80227'),
('115', '9', 'Jawa Barat', 'Kota', 'Depok', '16416'),
('116', '32', 'Sumatera Barat', 'Kabupaten', 'Dharmasraya', '27612'),
('117', '24', 'Papua', 'Kabupaten', 'Dogiyai', '98866'),
('118', '22', 'Nusa Tenggara Barat (NTB)', 'Kabupaten', 'Dompu', '84217'),
('119', '29', 'Sulawesi Tengah', 'Kabupaten', 'Donggala', '94341'),
('120', '26', 'Riau', 'Kota', 'Dumai', '28811'),
('121', '33', 'Sumatera Selatan', 'Kabupaten', 'Empat Lawang', '31811'),
('122', '23', 'Nusa Tenggara Timur (NTT)', 'Kabupaten', 'Ende', '86351'),
('123', '28', 'Sulawesi Selatan', 'Kabupaten', 'Enrekang', '91719'),
('124', '25', 'Papua Barat', 'Kabupaten', 'Fakfak', '98651'),
('125', '23', 'Nusa Tenggara Timur (NTT)', 'Kabupaten', 'Flores Timur', '86213'),
('126', '9', 'Jawa Barat', 'Kabupaten', 'Garut', '44126'),
('127', '21', 'Nanggroe Aceh Darussalam (NAD)', 'Kabupaten', 'Gayo Lues', '24653'),
('128', '1', 'Bali', 'Kabupaten', 'Gianyar', '80519'),
('129', '7', 'Gorontalo', 'Kabupaten', 'Gorontalo', '96218'),
('130', '7', 'Gorontalo', 'Kota', 'Gorontalo', '96115'),
('131', '7', 'Gorontalo', 'Kabupaten', 'Gorontalo Utara', '96611'),
('132', '28', 'Sulawesi Selatan', 'Kabupaten', 'Gowa', '92111'),
('133', '11', 'Jawa Timur', 'Kabupaten', 'Gresik', '61115'),
('134', '10', 'Jawa Tengah', 'Kabupaten', 'Grobogan', '58111'),
('135', '5', 'DI Yogyakarta', 'Kabupaten', 'Gunung Kidul', '55812'),
('136', '14', 'Kalimantan Tengah', 'Kabupaten', 'Gunung Mas', '74511'),
('137', '34', 'Sumatera Utara', 'Kota', 'Gunungsitoli', '22813'),
('138', '20', 'Maluku Utara', 'Kabupaten', 'Halmahera Barat', '97757'),
('139', '20', 'Maluku Utara', 'Kabupaten', 'Halmahera Selatan', '97911'),
('140', '20', 'Maluku Utara', 'Kabupaten', 'Halmahera Tengah', '97853'),
('141', '20', 'Maluku Utara', 'Kabupaten', 'Halmahera Timur', '97862'),
('142', '20', 'Maluku Utara', 'Kabupaten', 'Halmahera Utara', '97762'),
('143', '13', 'Kalimantan Selatan', 'Kabupaten', 'Hulu Sungai Selatan', '71212'),
('144', '13', 'Kalimantan Selatan', 'Kabupaten', 'Hulu Sungai Tengah', '71313'),
('145', '13', 'Kalimantan Selatan', 'Kabupaten', 'Hulu Sungai Utara', '71419'),
('146', '34', 'Sumatera Utara', 'Kabupaten', 'Humbang Hasundutan', '22457'),
('147', '26', 'Riau', 'Kabupaten', 'Indragiri Hilir', '29212'),
('148', '26', 'Riau', 'Kabupaten', 'Indragiri Hulu', '29319'),
('149', '9', 'Jawa Barat', 'Kabupaten', 'Indramayu', '45214'),
('150', '24', 'Papua', 'Kabupaten', 'Intan Jaya', '98771'),
('151', '6', 'DKI Jakarta', 'Kota', 'Jakarta Barat', '11220'),
('152', '6', 'DKI Jakarta', 'Kota', 'Jakarta Pusat', '10540'),
('153', '6', 'DKI Jakarta', 'Kota', 'Jakarta Selatan', '12230'),
('154', '6', 'DKI Jakarta', 'Kota', 'Jakarta Timur', '13330'),
('155', '6', 'DKI Jakarta', 'Kota', 'Jakarta Utara', '14140'),
('156', '8', 'Jambi', 'Kota', 'Jambi', '36111'),
('157', '24', 'Papua', 'Kabupaten', 'Jayapura', '99352'),
('158', '24', 'Papua', 'Kota', 'Jayapura', '99114'),
('159', '24', 'Papua', 'Kabupaten', 'Jayawijaya', '99511'),
('160', '11', 'Jawa Timur', 'Kabupaten', 'Jember', '68113'),
('161', '1', 'Bali', 'Kabupaten', 'Jembrana', '82251'),
('162', '28', 'Sulawesi Selatan', 'Kabupaten', 'Jeneponto', '92319'),
('163', '10', 'Jawa Tengah', 'Kabupaten', 'Jepara', '59419'),
('164', '11', 'Jawa Timur', 'Kabupaten', 'Jombang', '61415'),
('165', '25', 'Papua Barat', 'Kabupaten', 'Kaimana', '98671'),
('166', '26', 'Riau', 'Kabupaten', 'Kampar', '28411'),
('167', '14', 'Kalimantan Tengah', 'Kabupaten', 'Kapuas', '73583'),
('168', '12', 'Kalimantan Barat', 'Kabupaten', 'Kapuas Hulu', '78719'),
('169', '10', 'Jawa Tengah', 'Kabupaten', 'Karanganyar', '57718'),
('170', '1', 'Bali', 'Kabupaten', 'Karangasem', '80819'),
('171', '9', 'Jawa Barat', 'Kabupaten', 'Karawang', '41311'),
('172', '17', 'Kepulauan Riau', 'Kabupaten', 'Karimun', '29611'),
('173', '34', 'Sumatera Utara', 'Kabupaten', 'Karo', '22119'),
('174', '14', 'Kalimantan Tengah', 'Kabupaten', 'Katingan', '74411'),
('175', '4', 'Bengkulu', 'Kabupaten', 'Kaur', '38911'),
('176', '12', 'Kalimantan Barat', 'Kabupaten', 'Kayong Utara', '78852'),
('177', '10', 'Jawa Tengah', 'Kabupaten', 'Kebumen', '54319'),
('178', '11', 'Jawa Timur', 'Kabupaten', 'Kediri', '64184'),
('179', '11', 'Jawa Timur', 'Kota', 'Kediri', '64125'),
('180', '24', 'Papua', 'Kabupaten', 'Keerom', '99461'),
('181', '10', 'Jawa Tengah', 'Kabupaten', 'Kendal', '51314'),
('182', '30', 'Sulawesi Tenggara', 'Kota', 'Kendari', '93126'),
('183', '4', 'Bengkulu', 'Kabupaten', 'Kepahiang', '39319'),
('184', '17', 'Kepulauan Riau', 'Kabupaten', 'Kepulauan Anambas', '29991'),
('185', '19', 'Maluku', 'Kabupaten', 'Kepulauan Aru', '97681'),
('186', '32', 'Sumatera Barat', 'Kabupaten', 'Kepulauan Mentawai', '25771'),
('187', '26', 'Riau', 'Kabupaten', 'Kepulauan Meranti', '28791'),
('188', '31', 'Sulawesi Utara', 'Kabupaten', 'Kepulauan Sangihe', '95819'),
('189', '6', 'DKI Jakarta', 'Kabupaten', 'Kepulauan Seribu', '14550'),
('190', '31', 'Sulawesi Utara', 'Kabupaten', 'Kepulauan Siau Tagulandang Biaro (Sitaro)', '95862'),
('191', '20', 'Maluku Utara', 'Kabupaten', 'Kepulauan Sula', '97995'),
('192', '31', 'Sulawesi Utara', 'Kabupaten', 'Kepulauan Talaud', '95885'),
('193', '24', 'Papua', 'Kabupaten', 'Kepulauan Yapen (Yapen Waropen)', '98211'),
('194', '8', 'Jambi', 'Kabupaten', 'Kerinci', '37167'),
('195', '12', 'Kalimantan Barat', 'Kabupaten', 'Ketapang', '78874'),
('196', '10', 'Jawa Tengah', 'Kabupaten', 'Klaten', '57411'),
('197', '1', 'Bali', 'Kabupaten', 'Klungkung', '80719'),
('198', '30', 'Sulawesi Tenggara', 'Kabupaten', 'Kolaka', '93511'),
('199', '30', 'Sulawesi Tenggara', 'Kabupaten', 'Kolaka Utara', '93911'),
('200', '30', 'Sulawesi Tenggara', 'Kabupaten', 'Konawe', '93411'),
('201', '30', 'Sulawesi Tenggara', 'Kabupaten', 'Konawe Selatan', '93811'),
('202', '30', 'Sulawesi Tenggara', 'Kabupaten', 'Konawe Utara', '93311'),
('203', '13', 'Kalimantan Selatan', 'Kabupaten', 'Kotabaru', '72119'),
('204', '31', 'Sulawesi Utara', 'Kota', 'Kotamobagu', '95711'),
('205', '14', 'Kalimantan Tengah', 'Kabupaten', 'Kotawaringin Barat', '74119'),
('206', '14', 'Kalimantan Tengah', 'Kabupaten', 'Kotawaringin Timur', '74364'),
('207', '26', 'Riau', 'Kabupaten', 'Kuantan Singingi', '29519'),
('208', '12', 'Kalimantan Barat', 'Kabupaten', 'Kubu Raya', '78311'),
('209', '10', 'Jawa Tengah', 'Kabupaten', 'Kudus', '59311'),
('210', '5', 'DI Yogyakarta', 'Kabupaten', 'Kulon Progo', '55611'),
('211', '9', 'Jawa Barat', 'Kabupaten', 'Kuningan', '45511'),
('212', '23', 'Nusa Tenggara Timur (NTT)', 'Kabupaten', 'Kupang', '85362'),
('213', '23', 'Nusa Tenggara Timur (NTT)', 'Kota', 'Kupang', '85119'),
('214', '15', 'Kalimantan Timur', 'Kabupaten', 'Kutai Barat', '75711'),
('215', '15', 'Kalimantan Timur', 'Kabupaten', 'Kutai Kartanegara', '75511'),
('216', '15', 'Kalimantan Timur', 'Kabupaten', 'Kutai Timur', '75611'),
('217', '34', 'Sumatera Utara', 'Kabupaten', 'Labuhan Batu', '21412'),
('218', '34', 'Sumatera Utara', 'Kabupaten', 'Labuhan Batu Selatan', '21511'),
('219', '34', 'Sumatera Utara', 'Kabupaten', 'Labuhan Batu Utara', '21711'),
('220', '33', 'Sumatera Selatan', 'Kabupaten', 'Lahat', '31419'),
('221', '14', 'Kalimantan Tengah', 'Kabupaten', 'Lamandau', '74611'),
('222', '11', 'Jawa Timur', 'Kabupaten', 'Lamongan', '64125'),
('223', '18', 'Lampung', 'Kabupaten', 'Lampung Barat', '34814'),
('224', '18', 'Lampung', 'Kabupaten', 'Lampung Selatan', '35511'),
('225', '18', 'Lampung', 'Kabupaten', 'Lampung Tengah', '34212'),
('226', '18', 'Lampung', 'Kabupaten', 'Lampung Timur', '34319'),
('227', '18', 'Lampung', 'Kabupaten', 'Lampung Utara', '34516'),
('228', '12', 'Kalimantan Barat', 'Kabupaten', 'Landak', '78319'),
('229', '34', 'Sumatera Utara', 'Kabupaten', 'Langkat', '20811'),
('230', '21', 'Nanggroe Aceh Darussalam (NAD)', 'Kota', 'Langsa', '24412'),
('231', '24', 'Papua', 'Kabupaten', 'Lanny Jaya', '99531'),
('232', '3', 'Banten', 'Kabupaten', 'Lebak', '42319'),
('233', '4', 'Bengkulu', 'Kabupaten', 'Lebong', '39264'),
('234', '23', 'Nusa Tenggara Timur (NTT)', 'Kabupaten', 'Lembata', '86611'),
('235', '21', 'Nanggroe Aceh Darussalam (NAD)', 'Kota', 'Lhokseumawe', '24352'),
('236', '32', 'Sumatera Barat', 'Kabupaten', 'Lima Puluh Koto/Kota', '26671'),
('237', '17', 'Kepulauan Riau', 'Kabupaten', 'Lingga', '29811'),
('238', '22', 'Nusa Tenggara Barat (NTB)', 'Kabupaten', 'Lombok Barat', '83311'),
('239', '22', 'Nusa Tenggara Barat (NTB)', 'Kabupaten', 'Lombok Tengah', '83511'),
('240', '22', 'Nusa Tenggara Barat (NTB)', 'Kabupaten', 'Lombok Timur', '83612'),
('241', '22', 'Nusa Tenggara Barat (NTB)', 'Kabupaten', 'Lombok Utara', '83711'),
('242', '33', 'Sumatera Selatan', 'Kota', 'Lubuk Linggau', '31614'),
('243', '11', 'Jawa Timur', 'Kabupaten', 'Lumajang', '67319'),
('244', '28', 'Sulawesi Selatan', 'Kabupaten', 'Luwu', '91994'),
('245', '28', 'Sulawesi Selatan', 'Kabupaten', 'Luwu Timur', '92981'),
('246', '28', 'Sulawesi Selatan', 'Kabupaten', 'Luwu Utara', '92911'),
('247', '11', 'Jawa Timur', 'Kabupaten', 'Madiun', '63153'),
('248', '11', 'Jawa Timur', 'Kota', 'Madiun', '63122'),
('249', '10', 'Jawa Tengah', 'Kabupaten', 'Magelang', '56519'),
('250', '10', 'Jawa Tengah', 'Kota', 'Magelang', '56133'),
('251', '11', 'Jawa Timur', 'Kabupaten', 'Magetan', '63314'),
('252', '9', 'Jawa Barat', 'Kabupaten', 'Majalengka', '45412'),
('253', '27', 'Sulawesi Barat', 'Kabupaten', 'Majene', '91411'),
('254', '28', 'Sulawesi Selatan', 'Kota', 'Makassar', '90111'),
('255', '11', 'Jawa Timur', 'Kabupaten', 'Malang', '65163'),
('256', '11', 'Jawa Timur', 'Kota', 'Malang', '65112'),
('257', '16', 'Kalimantan Utara', 'Kabupaten', 'Malinau', '77511'),
('258', '19', 'Maluku', 'Kabupaten', 'Maluku Barat Daya', '97451'),
('259', '19', 'Maluku', 'Kabupaten', 'Maluku Tengah', '97513'),
('260', '19', 'Maluku', 'Kabupaten', 'Maluku Tenggara', '97651'),
('261', '19', 'Maluku', 'Kabupaten', 'Maluku Tenggara Barat', '97465'),
('262', '27', 'Sulawesi Barat', 'Kabupaten', 'Mamasa', '91362'),
('263', '24', 'Papua', 'Kabupaten', 'Mamberamo Raya', '99381'),
('264', '24', 'Papua', 'Kabupaten', 'Mamberamo Tengah', '99553'),
('265', '27', 'Sulawesi Barat', 'Kabupaten', 'Mamuju', '91519'),
('266', '27', 'Sulawesi Barat', 'Kabupaten', 'Mamuju Utara', '91571'),
('267', '31', 'Sulawesi Utara', 'Kota', 'Manado', '95247'),
('268', '34', 'Sumatera Utara', 'Kabupaten', 'Mandailing Natal', '22916'),
('269', '23', 'Nusa Tenggara Timur (NTT)', 'Kabupaten', 'Manggarai', '86551'),
('270', '23', 'Nusa Tenggara Timur (NTT)', 'Kabupaten', 'Manggarai Barat', '86711'),
('271', '23', 'Nusa Tenggara Timur (NTT)', 'Kabupaten', 'Manggarai Timur', '86811'),
('272', '25', 'Papua Barat', 'Kabupaten', 'Manokwari', '98311'),
('273', '25', 'Papua Barat', 'Kabupaten', 'Manokwari Selatan', '98355'),
('274', '24', 'Papua', 'Kabupaten', 'Mappi', '99853'),
('275', '28', 'Sulawesi Selatan', 'Kabupaten', 'Maros', '90511'),
('276', '22', 'Nusa Tenggara Barat (NTB)', 'Kota', 'Mataram', '83131'),
('277', '25', 'Papua Barat', 'Kabupaten', 'Maybrat', '98051'),
('278', '34', 'Sumatera Utara', 'Kota', 'Medan', '20228'),
('279', '12', 'Kalimantan Barat', 'Kabupaten', 'Melawi', '78619'),
('280', '8', 'Jambi', 'Kabupaten', 'Merangin', '37319'),
('281', '24', 'Papua', 'Kabupaten', 'Merauke', '99613'),
('282', '18', 'Lampung', 'Kabupaten', 'Mesuji', '34911'),
('283', '18', 'Lampung', 'Kota', 'Metro', '34111'),
('284', '24', 'Papua', 'Kabupaten', 'Mimika', '99962'),
('285', '31', 'Sulawesi Utara', 'Kabupaten', 'Minahasa', '95614'),
('286', '31', 'Sulawesi Utara', 'Kabupaten', 'Minahasa Selatan', '95914'),
('287', '31', 'Sulawesi Utara', 'Kabupaten', 'Minahasa Tenggara', '95995'),
('288', '31', 'Sulawesi Utara', 'Kabupaten', 'Minahasa Utara', '95316'),
('289', '11', 'Jawa Timur', 'Kabupaten', 'Mojokerto', '61382'),
('290', '11', 'Jawa Timur', 'Kota', 'Mojokerto', '61316'),
('291', '29', 'Sulawesi Tengah', 'Kabupaten', 'Morowali', '94911'),
('292', '33', 'Sumatera Selatan', 'Kabupaten', 'Muara Enim', '31315'),
('293', '8', 'Jambi', 'Kabupaten', 'Muaro Jambi', '36311'),
('294', '4', 'Bengkulu', 'Kabupaten', 'Muko Muko', '38715'),
('295', '30', 'Sulawesi Tenggara', 'Kabupaten', 'Muna', '93611'),
('296', '14', 'Kalimantan Tengah', 'Kabupaten', 'Murung Raya', '73911'),
('297', '33', 'Sumatera Selatan', 'Kabupaten', 'Musi Banyuasin', '30719'),
('298', '33', 'Sumatera Selatan', 'Kabupaten', 'Musi Rawas', '31661'),
('299', '24', 'Papua', 'Kabupaten', 'Nabire', '98816'),
('300', '21', 'Nanggroe Aceh Darussalam (NAD)', 'Kabupaten', 'Nagan Raya', '23674'),
('301', '23', 'Nusa Tenggara Timur (NTT)', 'Kabupaten', 'Nagekeo', '86911'),
('302', '17', 'Kepulauan Riau', 'Kabupaten', 'Natuna', '29711'),
('303', '24', 'Papua', 'Kabupaten', 'Nduga', '99541'),
('304', '23', 'Nusa Tenggara Timur (NTT)', 'Kabupaten', 'Ngada', '86413'),
('305', '11', 'Jawa Timur', 'Kabupaten', 'Nganjuk', '64414'),
('306', '11', 'Jawa Timur', 'Kabupaten', 'Ngawi', '63219'),
('307', '34', 'Sumatera Utara', 'Kabupaten', 'Nias', '22876'),
('308', '34', 'Sumatera Utara', 'Kabupaten', 'Nias Barat', '22895'),
('309', '34', 'Sumatera Utara', 'Kabupaten', 'Nias Selatan', '22865'),
('310', '34', 'Sumatera Utara', 'Kabupaten', 'Nias Utara', '22856'),
('311', '16', 'Kalimantan Utara', 'Kabupaten', 'Nunukan', '77421'),
('312', '33', 'Sumatera Selatan', 'Kabupaten', 'Ogan Ilir', '30811'),
('313', '33', 'Sumatera Selatan', 'Kabupaten', 'Ogan Komering Ilir', '30618'),
('314', '33', 'Sumatera Selatan', 'Kabupaten', 'Ogan Komering Ulu', '32112'),
('315', '33', 'Sumatera Selatan', 'Kabupaten', 'Ogan Komering Ulu Selatan', '32211'),
('316', '33', 'Sumatera Selatan', 'Kabupaten', 'Ogan Komering Ulu Timur', '32312'),
('317', '11', 'Jawa Timur', 'Kabupaten', 'Pacitan', '63512'),
('318', '32', 'Sumatera Barat', 'Kota', 'Padang', '25112'),
('319', '34', 'Sumatera Utara', 'Kabupaten', 'Padang Lawas', '22763'),
('320', '34', 'Sumatera Utara', 'Kabupaten', 'Padang Lawas Utara', '22753'),
('321', '32', 'Sumatera Barat', 'Kota', 'Padang Panjang', '27122'),
('322', '32', 'Sumatera Barat', 'Kabupaten', 'Padang Pariaman', '25583'),
('323', '34', 'Sumatera Utara', 'Kota', 'Padang Sidempuan', '22727'),
('324', '33', 'Sumatera Selatan', 'Kota', 'Pagar Alam', '31512'),
('325', '34', 'Sumatera Utara', 'Kabupaten', 'Pakpak Bharat', '22272'),
('326', '14', 'Kalimantan Tengah', 'Kota', 'Palangka Raya', '73112'),
('327', '33', 'Sumatera Selatan', 'Kota', 'Palembang', '30111'),
('328', '28', 'Sulawesi Selatan', 'Kota', 'Palopo', '91911'),
('329', '29', 'Sulawesi Tengah', 'Kota', 'Palu', '94111'),
('330', '11', 'Jawa Timur', 'Kabupaten', 'Pamekasan', '69319'),
('331', '3', 'Banten', 'Kabupaten', 'Pandeglang', '42212'),
('332', '9', 'Jawa Barat', 'Kabupaten', 'Pangandaran', '46511'),
('333', '28', 'Sulawesi Selatan', 'Kabupaten', 'Pangkajene Kepulauan', '90611'),
('334', '2', 'Bangka Belitung', 'Kota', 'Pangkal Pinang', '33115'),
('335', '24', 'Papua', 'Kabupaten', 'Paniai', '98765'),
('336', '28', 'Sulawesi Selatan', 'Kota', 'Parepare', '91123'),
('337', '32', 'Sumatera Barat', 'Kota', 'Pariaman', '25511'),
('338', '29', 'Sulawesi Tengah', 'Kabupaten', 'Parigi Moutong', '94411'),
('339', '32', 'Sumatera Barat', 'Kabupaten', 'Pasaman', '26318'),
('340', '32', 'Sumatera Barat', 'Kabupaten', 'Pasaman Barat', '26511'),
('341', '15', 'Kalimantan Timur', 'Kabupaten', 'Paser', '76211'),
('342', '11', 'Jawa Timur', 'Kabupaten', 'Pasuruan', '67153'),
('343', '11', 'Jawa Timur', 'Kota', 'Pasuruan', '67118'),
('344', '10', 'Jawa Tengah', 'Kabupaten', 'Pati', '59114'),
('345', '32', 'Sumatera Barat', 'Kota', 'Payakumbuh', '26213'),
('346', '25', 'Papua Barat', 'Kabupaten', 'Pegunungan Arfak', '98354'),
('347', '24', 'Papua', 'Kabupaten', 'Pegunungan Bintang', '99573'),
('348', '10', 'Jawa Tengah', 'Kabupaten', 'Pekalongan', '51161'),
('349', '10', 'Jawa Tengah', 'Kota', 'Pekalongan', '51122'),
('350', '26', 'Riau', 'Kota', 'Pekanbaru', '28112'),
('351', '26', 'Riau', 'Kabupaten', 'Pelalawan', '28311'),
('352', '10', 'Jawa Tengah', 'Kabupaten', 'Pemalang', '52319'),
('353', '34', 'Sumatera Utara', 'Kota', 'Pematang Siantar', '21126'),
('354', '15', 'Kalimantan Timur', 'Kabupaten', 'Penajam Paser Utara', '76311'),
('355', '18', 'Lampung', 'Kabupaten', 'Pesawaran', '35312'),
('356', '18', 'Lampung', 'Kabupaten', 'Pesisir Barat', '35974'),
('357', '32', 'Sumatera Barat', 'Kabupaten', 'Pesisir Selatan', '25611'),
('358', '21', 'Nanggroe Aceh Darussalam (NAD)', 'Kabupaten', 'Pidie', '24116'),
('359', '21', 'Nanggroe Aceh Darussalam (NAD)', 'Kabupaten', 'Pidie Jaya', '24186'),
('360', '28', 'Sulawesi Selatan', 'Kabupaten', 'Pinrang', '91251'),
('361', '7', 'Gorontalo', 'Kabupaten', 'Pohuwato', '96419'),
('362', '27', 'Sulawesi Barat', 'Kabupaten', 'Polewali Mandar', '91311'),
('363', '11', 'Jawa Timur', 'Kabupaten', 'Ponorogo', '63411'),
('364', '12', 'Kalimantan Barat', 'Kabupaten', 'Pontianak', '78971'),
('365', '12', 'Kalimantan Barat', 'Kota', 'Pontianak', '78112'),
('366', '29', 'Sulawesi Tengah', 'Kabupaten', 'Poso', '94615'),
('367', '33', 'Sumatera Selatan', 'Kota', 'Prabumulih', '31121'),
('368', '18', 'Lampung', 'Kabupaten', 'Pringsewu', '35719'),
('369', '11', 'Jawa Timur', 'Kabupaten', 'Probolinggo', '67282'),
('370', '11', 'Jawa Timur', 'Kota', 'Probolinggo', '67215'),
('371', '14', 'Kalimantan Tengah', 'Kabupaten', 'Pulang Pisau', '74811'),
('372', '20', 'Maluku Utara', 'Kabupaten', 'Pulau Morotai', '97771'),
('373', '24', 'Papua', 'Kabupaten', 'Puncak', '98981'),
('374', '24', 'Papua', 'Kabupaten', 'Puncak Jaya', '98979'),
('375', '10', 'Jawa Tengah', 'Kabupaten', 'Purbalingga', '53312'),
('376', '9', 'Jawa Barat', 'Kabupaten', 'Purwakarta', '41119'),
('377', '10', 'Jawa Tengah', 'Kabupaten', 'Purworejo', '54111'),
('378', '25', 'Papua Barat', 'Kabupaten', 'Raja Ampat', '98489'),
('379', '4', 'Bengkulu', 'Kabupaten', 'Rejang Lebong', '39112'),
('380', '10', 'Jawa Tengah', 'Kabupaten', 'Rembang', '59219'),
('381', '26', 'Riau', 'Kabupaten', 'Rokan Hilir', '28992'),
('382', '26', 'Riau', 'Kabupaten', 'Rokan Hulu', '28511'),
('383', '23', 'Nusa Tenggara Timur (NTT)', 'Kabupaten', 'Rote Ndao', '85982'),
('384', '21', 'Nanggroe Aceh Darussalam (NAD)', 'Kota', 'Sabang', '23512'),
('385', '23', 'Nusa Tenggara Timur (NTT)', 'Kabupaten', 'Sabu Raijua', '85391'),
('386', '10', 'Jawa Tengah', 'Kota', 'Salatiga', '50711'),
('387', '15', 'Kalimantan Timur', 'Kota', 'Samarinda', '75133'),
('388', '12', 'Kalimantan Barat', 'Kabupaten', 'Sambas', '79453'),
('389', '34', 'Sumatera Utara', 'Kabupaten', 'Samosir', '22392'),
('390', '11', 'Jawa Timur', 'Kabupaten', 'Sampang', '69219'),
('391', '12', 'Kalimantan Barat', 'Kabupaten', 'Sanggau', '78557'),
('392', '24', 'Papua', 'Kabupaten', 'Sarmi', '99373'),
('393', '8', 'Jambi', 'Kabupaten', 'Sarolangun', '37419'),
('394', '32', 'Sumatera Barat', 'Kota', 'Sawah Lunto', '27416'),
('395', '12', 'Kalimantan Barat', 'Kabupaten', 'Sekadau', '79583'),
('396', '28', 'Sulawesi Selatan', 'Kabupaten', 'Selayar (Kepulauan Selayar)', '92812'),
('397', '4', 'Bengkulu', 'Kabupaten', 'Seluma', '38811'),
('398', '10', 'Jawa Tengah', 'Kabupaten', 'Semarang', '50511'),
('399', '10', 'Jawa Tengah', 'Kota', 'Semarang', '50135'),
('400', '19', 'Maluku', 'Kabupaten', 'Seram Bagian Barat', '97561'),
('401', '19', 'Maluku', 'Kabupaten', 'Seram Bagian Timur', '97581'),
('402', '3', 'Banten', 'Kabupaten', 'Serang', '42182'),
('403', '3', 'Banten', 'Kota', 'Serang', '42111'),
('404', '34', 'Sumatera Utara', 'Kabupaten', 'Serdang Bedagai', '20915'),
('405', '14', 'Kalimantan Tengah', 'Kabupaten', 'Seruyan', '74211'),
('406', '26', 'Riau', 'Kabupaten', 'Siak', '28623'),
('407', '34', 'Sumatera Utara', 'Kota', 'Sibolga', '22522'),
('408', '28', 'Sulawesi Selatan', 'Kabupaten', 'Sidenreng Rappang/Rapang', '91613'),
('409', '11', 'Jawa Timur', 'Kabupaten', 'Sidoarjo', '61219'),
('410', '29', 'Sulawesi Tengah', 'Kabupaten', 'Sigi', '94364'),
('411', '32', 'Sumatera Barat', 'Kabupaten', 'Sijunjung (Sawah Lunto Sijunjung)', '27511'),
('412', '23', 'Nusa Tenggara Timur (NTT)', 'Kabupaten', 'Sikka', '86121'),
('413', '34', 'Sumatera Utara', 'Kabupaten', 'Simalungun', '21162'),
('414', '21', 'Nanggroe Aceh Darussalam (NAD)', 'Kabupaten', 'Simeulue', '23891'),
('415', '12', 'Kalimantan Barat', 'Kota', 'Singkawang', '79117'),
('416', '28', 'Sulawesi Selatan', 'Kabupaten', 'Sinjai', '92615'),
('417', '12', 'Kalimantan Barat', 'Kabupaten', 'Sintang', '78619'),
('418', '11', 'Jawa Timur', 'Kabupaten', 'Situbondo', '68316'),
('419', '5', 'DI Yogyakarta', 'Kabupaten', 'Sleman', '55513'),
('420', '32', 'Sumatera Barat', 'Kabupaten', 'Solok', '27365'),
('421', '32', 'Sumatera Barat', 'Kota', 'Solok', '27315'),
('422', '32', 'Sumatera Barat', 'Kabupaten', 'Solok Selatan', '27779'),
('423', '28', 'Sulawesi Selatan', 'Kabupaten', 'Soppeng', '90812'),
('424', '25', 'Papua Barat', 'Kabupaten', 'Sorong', '98431'),
('425', '25', 'Papua Barat', 'Kota', 'Sorong', '98411'),
('426', '25', 'Papua Barat', 'Kabupaten', 'Sorong Selatan', '98454'),
('427', '10', 'Jawa Tengah', 'Kabupaten', 'Sragen', '57211'),
('428', '9', 'Jawa Barat', 'Kabupaten', 'Subang', '41215'),
('429', '21', 'Nanggroe Aceh Darussalam (NAD)', 'Kota', 'Subulussalam', '24882'),
('430', '9', 'Jawa Barat', 'Kabupaten', 'Sukabumi', '43311'),
('431', '9', 'Jawa Barat', 'Kota', 'Sukabumi', '43114'),
('432', '14', 'Kalimantan Tengah', 'Kabupaten', 'Sukamara', '74712'),
('433', '10', 'Jawa Tengah', 'Kabupaten', 'Sukoharjo', '57514'),
('434', '23', 'Nusa Tenggara Timur (NTT)', 'Kabupaten', 'Sumba Barat', '87219'),
('435', '23', 'Nusa Tenggara Timur (NTT)', 'Kabupaten', 'Sumba Barat Daya', '87453'),
('436', '23', 'Nusa Tenggara Timur (NTT)', 'Kabupaten', 'Sumba Tengah', '87358'),
('437', '23', 'Nusa Tenggara Timur (NTT)', 'Kabupaten', 'Sumba Timur', '87112'),
('438', '22', 'Nusa Tenggara Barat (NTB)', 'Kabupaten', 'Sumbawa', '84315'),
('439', '22', 'Nusa Tenggara Barat (NTB)', 'Kabupaten', 'Sumbawa Barat', '84419'),
('440', '9', 'Jawa Barat', 'Kabupaten', 'Sumedang', '45326'),
('441', '11', 'Jawa Timur', 'Kabupaten', 'Sumenep', '69413'),
('442', '8', 'Jambi', 'Kota', 'Sungaipenuh', '37113'),
('443', '24', 'Papua', 'Kabupaten', 'Supiori', '98164'),
('444', '11', 'Jawa Timur', 'Kota', 'Surabaya', '60119'),
('445', '10', 'Jawa Tengah', 'Kota', 'Surakarta (Solo)', '57113'),
('446', '13', 'Kalimantan Selatan', 'Kabupaten', 'Tabalong', '71513'),
('447', '1', 'Bali', 'Kabupaten', 'Tabanan', '82119'),
('448', '28', 'Sulawesi Selatan', 'Kabupaten', 'Takalar', '92212'),
('449', '25', 'Papua Barat', 'Kabupaten', 'Tambrauw', '98475'),
('450', '16', 'Kalimantan Utara', 'Kabupaten', 'Tana Tidung', '77611'),
('451', '28', 'Sulawesi Selatan', 'Kabupaten', 'Tana Toraja', '91819'),
('452', '13', 'Kalimantan Selatan', 'Kabupaten', 'Tanah Bumbu', '72211'),
('453', '32', 'Sumatera Barat', 'Kabupaten', 'Tanah Datar', '27211'),
('454', '13', 'Kalimantan Selatan', 'Kabupaten', 'Tanah Laut', '70811'),
('455', '3', 'Banten', 'Kabupaten', 'Tangerang', '15914'),
('456', '3', 'Banten', 'Kota', 'Tangerang', '15111'),
('457', '3', 'Banten', 'Kota', 'Tangerang Selatan', '15435'),
('458', '18', 'Lampung', 'Kabupaten', 'Tanggamus', '35619'),
('459', '34', 'Sumatera Utara', 'Kota', 'Tanjung Balai', '21321'),
('460', '8', 'Jambi', 'Kabupaten', 'Tanjung Jabung Barat', '36513'),
('461', '8', 'Jambi', 'Kabupaten', 'Tanjung Jabung Timur', '36719'),
('462', '17', 'Kepulauan Riau', 'Kota', 'Tanjung Pinang', '29111'),
('463', '34', 'Sumatera Utara', 'Kabupaten', 'Tapanuli Selatan', '22742'),
('464', '34', 'Sumatera Utara', 'Kabupaten', 'Tapanuli Tengah', '22611'),
('465', '34', 'Sumatera Utara', 'Kabupaten', 'Tapanuli Utara', '22414'),
('466', '13', 'Kalimantan Selatan', 'Kabupaten', 'Tapin', '71119'),
('467', '16', 'Kalimantan Utara', 'Kota', 'Tarakan', '77114'),
('468', '9', 'Jawa Barat', 'Kabupaten', 'Tasikmalaya', '46411'),
('469', '9', 'Jawa Barat', 'Kota', 'Tasikmalaya', '46116'),
('470', '34', 'Sumatera Utara', 'Kota', 'Tebing Tinggi', '20632'),
('471', '8', 'Jambi', 'Kabupaten', 'Tebo', '37519'),
('472', '10', 'Jawa Tengah', 'Kabupaten', 'Tegal', '52419'),
('473', '10', 'Jawa Tengah', 'Kota', 'Tegal', '52114'),
('474', '25', 'Papua Barat', 'Kabupaten', 'Teluk Bintuni', '98551'),
('475', '25', 'Papua Barat', 'Kabupaten', 'Teluk Wondama', '98591'),
('476', '10', 'Jawa Tengah', 'Kabupaten', 'Temanggung', '56212'),
('477', '20', 'Maluku Utara', 'Kota', 'Ternate', '97714'),
('478', '20', 'Maluku Utara', 'Kota', 'Tidore Kepulauan', '97815'),
('479', '23', 'Nusa Tenggara Timur (NTT)', 'Kabupaten', 'Timor Tengah Selatan', '85562'),
('480', '23', 'Nusa Tenggara Timur (NTT)', 'Kabupaten', 'Timor Tengah Utara', '85612'),
('481', '34', 'Sumatera Utara', 'Kabupaten', 'Toba Samosir', '22316'),
('482', '29', 'Sulawesi Tengah', 'Kabupaten', 'Tojo Una-Una', '94683'),
('483', '29', 'Sulawesi Tengah', 'Kabupaten', 'Toli-Toli', '94542'),
('484', '24', 'Papua', 'Kabupaten', 'Tolikara', '99411'),
('485', '31', 'Sulawesi Utara', 'Kota', 'Tomohon', '95416'),
('486', '28', 'Sulawesi Selatan', 'Kabupaten', 'Toraja Utara', '91831'),
('487', '11', 'Jawa Timur', 'Kabupaten', 'Trenggalek', '66312'),
('488', '19', 'Maluku', 'Kota', 'Tual', '97612'),
('489', '11', 'Jawa Timur', 'Kabupaten', 'Tuban', '62319'),
('490', '18', 'Lampung', 'Kabupaten', 'Tulang Bawang', '34613'),
('491', '18', 'Lampung', 'Kabupaten', 'Tulang Bawang Barat', '34419'),
('492', '11', 'Jawa Timur', 'Kabupaten', 'Tulungagung', '66212'),
('493', '28', 'Sulawesi Selatan', 'Kabupaten', 'Wajo', '90911'),
('494', '30', 'Sulawesi Tenggara', 'Kabupaten', 'Wakatobi', '93791'),
('495', '24', 'Papua', 'Kabupaten', 'Waropen', '98269'),
('496', '18', 'Lampung', 'Kabupaten', 'Way Kanan', '34711'),
('497', '10', 'Jawa Tengah', 'Kabupaten', 'Wonogiri', '57619'),
('498', '10', 'Jawa Tengah', 'Kabupaten', 'Wonosobo', '56311'),
('499', '24', 'Papua', 'Kabupaten', 'Yahukimo', '99041'),
('500', '24', 'Papua', 'Kabupaten', 'Yalimo', '99481'),
('501', '5', 'DI Yogyakarta', 'Kota', 'Yogyakarta', '55111');

-- --------------------------------------------------------

--
-- Struktur dari tabel `ro_province`
--

CREATE TABLE `ro_province` (
  `province_id` varchar(10) NOT NULL,
  `province` varchar(100) NOT NULL
) ENGINE=MyISAM DEFAULT CHARSET=utf8mb4;

--
-- Dumping data untuk tabel `ro_province`
--

INSERT INTO `ro_province` (`province_id`, `province`) VALUES
('1', 'Bali'),
('2', 'Bangka Belitung'),
('3', 'Banten'),
('4', 'Bengkulu'),
('5', 'DI Yogyakarta'),
('6', 'DKI Jakarta'),
('7', 'Gorontalo'),
('8', 'Jambi'),
('9', 'Jawa Barat'),
('10', 'Jawa Tengah'),
('11', 'Jawa Timur'),
('12', 'Kalimantan Barat'),
('13', 'Kalimantan Selatan'),
('14', 'Kalimantan Tengah'),
('15', 'Kalimantan Timur'),
('16', 'Kalimantan Utara'),
('17', 'Kepulauan Riau'),
('18', 'Lampung'),
('19', 'Maluku'),
('20', 'Maluku Utara'),
('21', 'Nanggroe Aceh Darussalam (NAD)'),
('22', 'Nusa Tenggara Barat (NTB)'),
('23', 'Nusa Tenggara Timur (NTT)'),
('24', 'Papua'),
('25', 'Papua Barat'),
('26', 'Riau'),
('27', 'Sulawesi Barat'),
('28', 'Sulawesi Selatan'),
('29', 'Sulawesi Tengah'),
('30', 'Sulawesi Tenggara'),
('31', 'Sulawesi Utara'),
('32', 'Sumatera Barat'),
('33', 'Sumatera Selatan'),
('34', 'Sumatera Utara');

-- --------------------------------------------------------

--
-- Struktur dari tabel `settings`
--

CREATE TABLE `settings` (
  `id` int(10) NOT NULL,
  `key` varchar(32) NOT NULL,
  `content` varchar(191) NOT NULL
) ENGINE=InnoDB DEFAULT CHARSET=utf8mb4;

--
-- Dumping data untuk tabel `settings`
--

INSERT INTO `settings` (`id`, `key`, `content`) VALUES
(1, 'current_theme_name', 'vegefoods'),
(2, 'store_name', 'a5J Basic Custom Tshirt'),
(3, 'store_phone_number', '085728235236'),
(4, 'store_email', 'tiarawahyu437@gmail.com'),
(5, 'store_tagline', ''),
(6, 'store_logo', 'Logo.jpg'),
(7, 'max_product_image_size', '20000'),
(8, 'store_description', ''),
(9, 'store_address', 'Jl. 123 Oke'),
(10, 'min_shop_to_free_shipping_cost', ''),
(11, 'shipping_cost', ''),
(12, 'payment_banks', '{\"mandiri\":{\"bank\":\"Mandiri\",\"number\":\"1234567890\",\"name\":\"a5J Basic Custom Tshirt\"},\"bca\":{\"bank\":\"BCA\",\"number\":\"0987654321\",\"name\":\"a5J Basic Custom Tshirt\"}}');

-- --------------------------------------------------------

--
-- Struktur dari tabel `users`
--

CREATE TABLE `users` (
  `id` bigint(20) UNSIGNED NOT NULL,
  `name` varchar(50) COLLATE utf8mb4_unicode_ci DEFAULT NULL,
  `email` varchar(191) COLLATE utf8mb4_unicode_ci NOT NULL,
  `email_verified_at` timestamp NULL DEFAULT NULL,
  `username` varchar(16) COLLATE utf8mb4_unicode_ci NOT NULL,
  `password` varchar(191) COLLATE utf8mb4_unicode_ci NOT NULL,
  `profile_picture` varchar(128) COLLATE utf8mb4_unicode_ci DEFAULT NULL,
  `role_id` int(10) DEFAULT 0,
  `register_date` datetime DEFAULT NULL
) ENGINE=InnoDB DEFAULT CHARSET=utf8mb4 COLLATE=utf8mb4_unicode_ci;

--
-- Dumping data untuk tabel `users`
--

INSERT INTO `users` (`id`, `name`, `email`, `email_verified_at`, `username`, `password`, `profile_picture`, `role_id`, `register_date`) VALUES
(7, 'Yanti', 'tiarawahyu437@gmail.com', NULL, 'admin', '$2y$10$RVGsvc9NFiFvLj8aI5btTuNkOjQIgLKfRSQ0eYnoU4u5sOWgGsC0.', 'A5J_LOGO_2.jpg', 1, '2020-03-29 08:14:30'),
(8, NULL, 'pembeli@gmail.com', NULL, 'user1', '$2y$10$chkZ5TH8JoBetrJYsujw9eHTSgnp1iLG492o99duNcoYGIVGYP8Lu', NULL, 2, '2020-10-26 06:58:43'),
(10, NULL, 'pembeli2@gmail.com', NULL, 'user2', '$2y$10$BxWbJrsGG.grhKvrNQ6XvOU5lTPARmLOo58Rwuws1kFlze3r4YR1.', NULL, 2, '2020-10-26 07:15:59'),
(11, NULL, 'pembeli4@gmail.com', NULL, 'user4', '$2y$10$P25c7AP7HzotHYvRCvi8XukFH/wKW/IR0uBbOM9pPBKAif8WrR.Iu', NULL, 2, '2020-10-26 08:37:06'),
(12, NULL, '111202013064@mhs.dinus.ac.id', NULL, 'tiara', '$2y$10$YbSxbpKbQvWzj9gvE8aAAO3zE/ugHIHJasSoIIBP.6q759SsN2BYy', NULL, 2, '2023-12-22 07:27:56'),
(18, NULL, 'hahahahaha@gmail.com', NULL, 'haha123', '$2y$10$PSmnv/pa8kk2pKUXp.ORX.phOLZzZIDWu1U6AFdg7VZx52EI51nRm', NULL, 2, '2024-01-23 17:33:13'),
(22, NULL, 'tiara1@gmail.com', NULL, 'Tiarawp', '$2y$10$dHQmwGW5REzozjxDa1chc.UqMv7YyrWQcZguqHd7Y/OudYhO./C7m', NULL, 2, '2024-01-24 17:15:35');

--
-- Indexes for dumped tables
--

--
-- Indeks untuk tabel `ci_sessions`
--
ALTER TABLE `ci_sessions`
  ADD KEY `ci_sessions_timestamp` (`timestamp`);

--
-- Indeks untuk tabel `contacts`
--
ALTER TABLE `contacts`
  ADD PRIMARY KEY (`id`),
  ADD KEY `FK_contacts_contacts` (`parent_id`);

--
-- Indeks untuk tabel `coupons`
--
ALTER TABLE `coupons`
  ADD PRIMARY KEY (`id`);

--
-- Indeks untuk tabel `customers`
--
ALTER TABLE `customers`
  ADD PRIMARY KEY (`id`),
  ADD KEY `FK_customers_users` (`user_id`);

--
-- Indeks untuk tabel `midtrans`
--
ALTER TABLE `midtrans`
  ADD PRIMARY KEY (`mt_id`);

--
-- Indeks untuk tabel `orders`
--
ALTER TABLE `orders`
  ADD PRIMARY KEY (`id`),
  ADD KEY `FK_orders_users` (`user_id`),
  ADD KEY `FK_orders_coupons` (`coupon_id`);

--
-- Indeks untuk tabel `order_item`
--
ALTER TABLE `order_item`
  ADD PRIMARY KEY (`id`),
  ADD KEY `order_id` (`order_id`),
  ADD KEY `product_id` (`product_id`);

--
-- Indeks untuk tabel `payments`
--
ALTER TABLE `payments`
  ADD PRIMARY KEY (`id`),
  ADD KEY `order_id` (`order_id`);

--
-- Indeks untuk tabel `products`
--
ALTER TABLE `products`
  ADD PRIMARY KEY (`id`),
  ADD KEY `FK_products_product_category` (`category_id`);

--
-- Indeks untuk tabel `product_category`
--
ALTER TABLE `product_category`
  ADD PRIMARY KEY (`id`);

--
-- Indeks untuk tabel `reviews`
--
ALTER TABLE `reviews`
  ADD PRIMARY KEY (`id`),
  ADD KEY `FK_reviews_users` (`user_id`),
  ADD KEY `FK_reviews_orders` (`order_id`);

--
-- Indeks untuk tabel `roles`
--
ALTER TABLE `roles`
  ADD PRIMARY KEY (`id`);

--
-- Indeks untuk tabel `ro_city`
--
ALTER TABLE `ro_city`
  ADD PRIMARY KEY (`city_id`);

--
-- Indeks untuk tabel `ro_province`
--
ALTER TABLE `ro_province`
  ADD PRIMARY KEY (`province_id`);

--
-- Indeks untuk tabel `settings`
--
ALTER TABLE `settings`
  ADD PRIMARY KEY (`id`) USING BTREE;

--
-- Indeks untuk tabel `users`
--
ALTER TABLE `users`
  ADD PRIMARY KEY (`id`) USING BTREE,
  ADD UNIQUE KEY `users_email_unique` (`email`) USING BTREE,
  ADD KEY `role_id` (`role_id`);

--
-- AUTO_INCREMENT untuk tabel yang dibuang
--

--
-- AUTO_INCREMENT untuk tabel `contacts`
--
ALTER TABLE `contacts`
  MODIFY `id` int(10) NOT NULL AUTO_INCREMENT;

--
-- AUTO_INCREMENT untuk tabel `coupons`
--
ALTER TABLE `coupons`
  MODIFY `id` bigint(20) NOT NULL AUTO_INCREMENT;

--
-- AUTO_INCREMENT untuk tabel `customers`
--
ALTER TABLE `customers`
  MODIFY `id` bigint(20) NOT NULL AUTO_INCREMENT, AUTO_INCREMENT=21;

--
-- AUTO_INCREMENT untuk tabel `midtrans`
--
ALTER TABLE `midtrans`
  MODIFY `mt_id` int(11) NOT NULL AUTO_INCREMENT, AUTO_INCREMENT=30;

--
-- AUTO_INCREMENT untuk tabel `orders`
--
ALTER TABLE `orders`
  MODIFY `id` bigint(20) NOT NULL AUTO_INCREMENT, AUTO_INCREMENT=48;

--
-- AUTO_INCREMENT untuk tabel `order_item`
--
ALTER TABLE `order_item`
  MODIFY `id` bigint(20) NOT NULL AUTO_INCREMENT, AUTO_INCREMENT=20;

--
-- AUTO_INCREMENT untuk tabel `payments`
--
ALTER TABLE `payments`
  MODIFY `id` bigint(20) NOT NULL AUTO_INCREMENT;

--
-- AUTO_INCREMENT untuk tabel `products`
--
ALTER TABLE `products`
  MODIFY `id` bigint(20) NOT NULL AUTO_INCREMENT, AUTO_INCREMENT=22;

--
-- AUTO_INCREMENT untuk tabel `product_category`
--
ALTER TABLE `product_category`
  MODIFY `id` int(10) NOT NULL AUTO_INCREMENT, AUTO_INCREMENT=16;

--
-- AUTO_INCREMENT untuk tabel `reviews`
--
ALTER TABLE `reviews`
  MODIFY `id` bigint(20) NOT NULL AUTO_INCREMENT, AUTO_INCREMENT=2;

--
-- AUTO_INCREMENT untuk tabel `roles`
--
ALTER TABLE `roles`
  MODIFY `id` int(10) NOT NULL AUTO_INCREMENT, AUTO_INCREMENT=3;

--
-- AUTO_INCREMENT untuk tabel `settings`
--
ALTER TABLE `settings`
  MODIFY `id` int(10) NOT NULL AUTO_INCREMENT, AUTO_INCREMENT=13;

--
-- AUTO_INCREMENT untuk tabel `users`
--
ALTER TABLE `users`
  MODIFY `id` bigint(20) UNSIGNED NOT NULL AUTO_INCREMENT, AUTO_INCREMENT=23;

--
-- Ketidakleluasaan untuk tabel pelimpahan (Dumped Tables)
--

--
-- Ketidakleluasaan untuk tabel `contacts`
--
ALTER TABLE `contacts`
  ADD CONSTRAINT `FK_contacts_contacts` FOREIGN KEY (`parent_id`) REFERENCES `contacts` (`id`) ON DELETE CASCADE ON UPDATE NO ACTION;

--
-- Ketidakleluasaan untuk tabel `customers`
--
ALTER TABLE `customers`
  ADD CONSTRAINT `FK_customers_users` FOREIGN KEY (`user_id`) REFERENCES `users` (`id`) ON DELETE NO ACTION ON UPDATE CASCADE;

--
-- Ketidakleluasaan untuk tabel `orders`
--
ALTER TABLE `orders`
  ADD CONSTRAINT `FK_orders_coupons` FOREIGN KEY (`coupon_id`) REFERENCES `coupons` (`id`) ON DELETE SET NULL ON UPDATE CASCADE,
  ADD CONSTRAINT `FK_orders_users` FOREIGN KEY (`user_id`) REFERENCES `users` (`id`) ON DELETE NO ACTION ON UPDATE CASCADE;

--
-- Ketidakleluasaan untuk tabel `payments`
--
ALTER TABLE `payments`
  ADD CONSTRAINT `FK_payments_orders` FOREIGN KEY (`order_id`) REFERENCES `orders` (`id`) ON DELETE NO ACTION ON UPDATE NO ACTION;
COMMIT;

/*!40101 SET CHARACTER_SET_CLIENT=@OLD_CHARACTER_SET_CLIENT */;
/*!40101 SET CHARACTER_SET_RESULTS=@OLD_CHARACTER_SET_RESULTS */;
/*!40101 SET COLLATION_CONNECTION=@OLD_COLLATION_CONNECTION */;
